{"timestamp":"2025-03-25 09:02:31.407","level":"info","event":"message","message":"@epicgames-ps/wilbur v2.1.3 starting..."}
{"timestamp":"2025-03-25 09:02:31.407","level":"info","event":"message","message":"Config:"}
{"timestamp":"2025-03-25 09:02:31.408","level":"info","event":"message","message":"\"log_folder\": \"logs\""}
{"timestamp":"2025-03-25 09:02:31.408","level":"info","event":"message","message":"\"log_level_console\": \"info\""}
{"timestamp":"2025-03-25 09:02:31.408","level":"info","event":"message","message":"\"log_level_file\": \"info\""}
{"timestamp":"2025-03-25 09:02:31.408","level":"info","event":"message","message":"\"streamer_port\": \"8888\""}
{"timestamp":"2025-03-25 09:02:31.408","level":"info","event":"message","message":"\"player_port\": \"80\""}
{"timestamp":"2025-03-25 09:02:31.408","level":"info","event":"message","message":"\"sfu_port\": \"8889\""}
{"timestamp":"2025-03-25 09:02:31.409","level":"info","event":"message","message":"\"max_players\": \"0\""}
{"timestamp":"2025-03-25 09:02:31.409","level":"info","event":"message","message":"\"serve\": \"true\""}
{"timestamp":"2025-03-25 09:02:31.409","level":"info","event":"message","message":"\"http_root\": \"www\""}
{"timestamp":"2025-03-25 09:02:31.409","level":"info","event":"message","message":"\"homepage\": \"player.html\""}
{"timestamp":"2025-03-25 09:02:31.409","level":"info","event":"message","message":"\"https\": \"false\""}
{"timestamp":"2025-03-25 09:02:31.409","level":"info","event":"message","message":"\"https_port\": \"443\""}
{"timestamp":"2025-03-25 09:02:31.410","level":"info","event":"message","message":"\"ssl_key_path\": \"certificates/client-key.pem\""}
{"timestamp":"2025-03-25 09:02:31.410","level":"info","event":"message","message":"\"ssl_cert_path\": \"certificates/client-cert.pem\""}
{"timestamp":"2025-03-25 09:02:31.410","level":"info","event":"message","message":"\"https_redirect\": \"true\""}
{"timestamp":"2025-03-25 09:02:31.410","level":"info","event":"message","message":"\"rest_api\": \"false\""}
{"timestamp":"2025-03-25 09:02:31.410","level":"info","event":"message","message":"\"peer_options\": \"\""}
{"timestamp":"2025-03-25 09:02:31.411","level":"info","event":"message","message":"\"log_config\": \"true\""}
{"timestamp":"2025-03-25 09:02:31.411","level":"info","event":"message","message":"\"stdin\": \"false\""}
{"timestamp":"2025-03-25 09:02:31.411","level":"info","event":"message","message":"\"save\": \"false\""}
{"timestamp":"2025-03-25 09:02:31.411","level":"info","event":"message","message":"\"console_messages\": \"verbose\""}
{"timestamp":"2025-03-25 09:02:31.416","level":"info","event":"message","message":"Listening for streamer connections on port 8888"}
{"timestamp":"2025-03-25 09:02:31.416","level":"info","event":"message","message":"Listening for SFU connections on port 8889"}
{"timestamp":"2025-03-25 09:02:31.418","level":"info","event":"message","message":"Http server listening on port 80"}
{"timestamp":"2025-03-25 09:02:54.439","level":"info","event":"message","message":"New player connection: ::ffff:127.0.0.1 (/)"}
{"timestamp":"2025-03-25 09:02:54.440","level":"info","event":"message","message":"Registered new player: Player0"}
{"timestamp":"2025-03-25 09:02:54.441","level":"info","event":"proto_message","direction":"outgoing","sender":"Player0","protoMessage":{"type":"config","peerConnectionOptions":{},"protocolVersion":"1.3.0"}}
{"timestamp":"2025-03-25 09:02:54.444","level":"info","event":"proto_message","direction":"incoming","receiver":"Player0","protoMessage":{"type":"listStreamers"}}
{"timestamp":"2025-03-25 09:02:54.444","level":"info","event":"proto_message","direction":"outgoing","sender":"Player0","protoMessage":{"type":"streamerList","ids":[]}}
{"timestamp":"2025-03-25 09:02:57.448","level":"info","event":"proto_message","direction":"incoming","receiver":"Player0","protoMessage":{"type":"listStreamers"}}
{"timestamp":"2025-03-25 09:02:57.448","level":"info","event":"proto_message","direction":"outgoing","sender":"Player0","protoMessage":{"type":"streamerList","ids":[]}}
{"timestamp":"2025-03-25 09:03:00.455","level":"info","event":"proto_message","direction":"incoming","receiver":"Player0","protoMessage":{"type":"listStreamers"}}
{"timestamp":"2025-03-25 09:03:00.456","level":"info","event":"proto_message","direction":"outgoing","sender":"Player0","protoMessage":{"type":"streamerList","ids":[]}}
{"timestamp":"2025-03-25 09:03:03.463","level":"info","event":"proto_message","direction":"incoming","receiver":"Player0","protoMessage":{"type":"listStreamers"}}
{"timestamp":"2025-03-25 09:03:03.463","level":"info","event":"proto_message","direction":"outgoing","sender":"Player0","protoMessage":{"type":"streamerList","ids":[]}}
{"timestamp":"2025-03-25 09:03:25.278","level":"info","event":"proto_message","direction":"incoming","receiver":"Player0","protoMessage":{"type":"ping","time":1742864605278}}
{"timestamp":"2025-03-25 09:03:25.279","level":"info","event":"proto_message","direction":"outgoing","sender":"Player0","protoMessage":{"type":"pong","time":1742864605278}}
{"timestamp":"2025-03-25 09:03:55.276","level":"info","event":"proto_message","direction":"incoming","receiver":"Player0","protoMessage":{"type":"ping","time":1742864635275}}
{"timestamp":"2025-03-25 09:03:55.276","level":"info","event":"proto_message","direction":"outgoing","sender":"Player0","protoMessage":{"type":"pong","time":1742864635275}}
{"timestamp":"2025-03-25 09:04:23.355","level":"info","event":"message","message":"New player connection: ::1 (/)"}
{"timestamp":"2025-03-25 09:04:23.355","level":"info","event":"message","message":"Registered new player: Player1"}
{"timestamp":"2025-03-25 09:04:23.356","level":"info","event":"proto_message","direction":"outgoing","sender":"Player1","protoMessage":{"type":"config","peerConnectionOptions":{},"protocolVersion":"1.3.0"}}
{"timestamp":"2025-03-25 09:04:23.363","level":"info","event":"message","message":"Unregistered player: Player1"}
{"timestamp":"2025-03-25 09:04:23.363","level":"info","event":"message","message":"Player Player1 (::1) disconnected."}
{"timestamp":"2025-03-25 09:04:23.368","level":"info","event":"message","message":"New player connection: ::1 (/)"}
{"timestamp":"2025-03-25 09:04:23.368","level":"info","event":"message","message":"Registered new player: Player2"}
{"timestamp":"2025-03-25 09:04:23.369","level":"info","event":"proto_message","direction":"outgoing","sender":"Player2","protoMessage":{"type":"config","peerConnectionOptions":{},"protocolVersion":"1.3.0"}}
{"timestamp":"2025-03-25 09:04:23.452","level":"info","event":"proto_message","direction":"incoming","receiver":"Player2","protoMessage":{"type":"listStreamers"}}
{"timestamp":"2025-03-25 09:04:23.452","level":"info","event":"proto_message","direction":"outgoing","sender":"Player2","protoMessage":{"type":"streamerList","ids":[]}}
{"timestamp":"2025-03-25 09:04:25.270","level":"info","event":"proto_message","direction":"incoming","receiver":"Player0","protoMessage":{"type":"ping","time":1742864665269}}
{"timestamp":"2025-03-25 09:04:25.270","level":"info","event":"proto_message","direction":"outgoing","sender":"Player0","protoMessage":{"type":"pong","time":1742864665269}}
{"timestamp":"2025-03-25 09:04:26.478","level":"info","event":"proto_message","direction":"incoming","receiver":"Player2","protoMessage":{"type":"listStreamers"}}
{"timestamp":"2025-03-25 09:04:26.478","level":"info","event":"proto_message","direction":"outgoing","sender":"Player2","protoMessage":{"type":"streamerList","ids":[]}}
{"timestamp":"2025-03-25 09:04:29.480","level":"info","event":"proto_message","direction":"incoming","receiver":"Player2","protoMessage":{"type":"listStreamers"}}
{"timestamp":"2025-03-25 09:04:29.480","level":"info","event":"proto_message","direction":"outgoing","sender":"Player2","protoMessage":{"type":"streamerList","ids":[]}}
{"timestamp":"2025-03-25 09:04:32.491","level":"info","event":"proto_message","direction":"incoming","receiver":"Player2","protoMessage":{"type":"listStreamers"}}
{"timestamp":"2025-03-25 09:04:32.491","level":"info","event":"proto_message","direction":"outgoing","sender":"Player2","protoMessage":{"type":"streamerList","ids":[]}}
{"timestamp":"2025-03-25 09:04:53.370","level":"info","event":"proto_message","direction":"incoming","receiver":"Player2","protoMessage":{"type":"ping","time":1742864693369}}
{"timestamp":"2025-03-25 09:04:53.371","level":"info","event":"proto_message","direction":"outgoing","sender":"Player2","protoMessage":{"type":"pong","time":1742864693369}}
{"timestamp":"2025-03-25 09:04:55.267","level":"info","event":"proto_message","direction":"incoming","receiver":"Player0","protoMessage":{"type":"ping","time":1742864695267}}
{"timestamp":"2025-03-25 09:04:55.267","level":"info","event":"proto_message","direction":"outgoing","sender":"Player0","protoMessage":{"type":"pong","time":1742864695267}}
{"timestamp":"2025-03-25 09:05:10.273","level":"info","event":"message","message":"Unregistered player: Player2"}
{"timestamp":"2025-03-25 09:05:10.273","level":"info","event":"message","message":"Player Player2 (::1) disconnected."}
{"timestamp":"2025-03-25 09:05:10.278","level":"info","event":"message","message":"New player connection: ::1 (/)"}
{"timestamp":"2025-03-25 09:05:10.279","level":"info","event":"message","message":"Registered new player: Player3"}
{"timestamp":"2025-03-25 09:05:10.279","level":"info","event":"proto_message","direction":"outgoing","sender":"Player3","protoMessage":{"type":"config","peerConnectionOptions":{},"protocolVersion":"1.3.0"}}
{"timestamp":"2025-03-25 09:05:10.280","level":"info","event":"proto_message","direction":"incoming","receiver":"Player3","protoMessage":{"type":"listStreamers"}}
{"timestamp":"2025-03-25 09:05:10.280","level":"info","event":"proto_message","direction":"outgoing","sender":"Player3","protoMessage":{"type":"streamerList","ids":[]}}
{"timestamp":"2025-03-25 09:05:13.290","level":"info","event":"proto_message","direction":"incoming","receiver":"Player3","protoMessage":{"type":"listStreamers"}}
{"timestamp":"2025-03-25 09:05:13.290","level":"info","event":"proto_message","direction":"outgoing","sender":"Player3","protoMessage":{"type":"streamerList","ids":[]}}
{"timestamp":"2025-03-25 09:05:14.133","level":"info","event":"message","message":"Unregistered player: Player3"}
{"timestamp":"2025-03-25 09:05:14.134","level":"info","event":"message","message":"Player Player3 (::1) disconnected."}
{"timestamp":"2025-03-25 09:05:14.279","level":"info","event":"message","message":"New player connection: ::1 (/)"}
{"timestamp":"2025-03-25 09:05:14.280","level":"info","event":"message","message":"Registered new player: Player4"}
{"timestamp":"2025-03-25 09:05:14.280","level":"info","event":"proto_message","direction":"outgoing","sender":"Player4","protoMessage":{"type":"config","peerConnectionOptions":{},"protocolVersion":"1.3.0"}}
{"timestamp":"2025-03-25 09:05:14.285","level":"info","event":"message","message":"Unregistered player: Player4"}
{"timestamp":"2025-03-25 09:05:14.285","level":"info","event":"message","message":"Player Player4 (::1) disconnected."}
{"timestamp":"2025-03-25 09:05:14.304","level":"info","event":"message","message":"New player connection: ::1 (/)"}
{"timestamp":"2025-03-25 09:05:14.304","level":"info","event":"message","message":"Registered new player: Player5"}
{"timestamp":"2025-03-25 09:05:14.304","level":"info","event":"proto_message","direction":"outgoing","sender":"Player5","protoMessage":{"type":"config","peerConnectionOptions":{},"protocolVersion":"1.3.0"}}
{"timestamp":"2025-03-25 09:05:14.383","level":"info","event":"proto_message","direction":"incoming","receiver":"Player5","protoMessage":{"type":"listStreamers"}}
{"timestamp":"2025-03-25 09:05:14.383","level":"info","event":"proto_message","direction":"outgoing","sender":"Player5","protoMessage":{"type":"streamerList","ids":[]}}
{"timestamp":"2025-03-25 09:05:17.414","level":"info","event":"proto_message","direction":"incoming","receiver":"Player5","protoMessage":{"type":"listStreamers"}}
{"timestamp":"2025-03-25 09:05:17.414","level":"info","event":"proto_message","direction":"outgoing","sender":"Player5","protoMessage":{"type":"streamerList","ids":[]}}
{"timestamp":"2025-03-25 09:05:21.277","level":"info","event":"proto_message","direction":"incoming","receiver":"Player5","protoMessage":{"type":"listStreamers"}}
{"timestamp":"2025-03-25 09:05:21.277","level":"info","event":"proto_message","direction":"outgoing","sender":"Player5","protoMessage":{"type":"streamerList","ids":[]}}
{"timestamp":"2025-03-25 09:05:24.288","level":"info","event":"proto_message","direction":"incoming","receiver":"Player5","protoMessage":{"type":"listStreamers"}}
{"timestamp":"2025-03-25 09:05:24.288","level":"info","event":"proto_message","direction":"outgoing","sender":"Player5","protoMessage":{"type":"streamerList","ids":[]}}
{"timestamp":"2025-03-25 09:05:25.275","level":"info","event":"proto_message","direction":"incoming","receiver":"Player0","protoMessage":{"type":"ping","time":1742864725274}}
{"timestamp":"2025-03-25 09:05:25.276","level":"info","event":"proto_message","direction":"outgoing","sender":"Player0","protoMessage":{"type":"pong","time":1742864725274}}
{"timestamp":"2025-03-25 09:05:45.268","level":"info","event":"proto_message","direction":"incoming","receiver":"Player5","protoMessage":{"type":"ping","time":1742864745267}}
{"timestamp":"2025-03-25 09:05:45.268","level":"info","event":"proto_message","direction":"outgoing","sender":"Player5","protoMessage":{"type":"pong","time":1742864745267}}
{"timestamp":"2025-03-25 09:05:54.444","level":"info","event":"proto_message","direction":"incoming","receiver":"Player0","protoMessage":{"type":"ping","time":1742864754444}}
{"timestamp":"2025-03-25 09:05:54.444","level":"info","event":"proto_message","direction":"outgoing","sender":"Player0","protoMessage":{"type":"pong","time":1742864754444}}
{"timestamp":"2025-03-25 09:06:15.273","level":"info","event":"proto_message","direction":"incoming","receiver":"Player5","protoMessage":{"type":"ping","time":1742864775272}}
{"timestamp":"2025-03-25 09:06:15.274","level":"info","event":"proto_message","direction":"outgoing","sender":"Player5","protoMessage":{"type":"pong","time":1742864775272}}
{"timestamp":"2025-03-25 09:06:24.443","level":"info","event":"proto_message","direction":"incoming","receiver":"Player0","protoMessage":{"type":"ping","time":1742864784443}}
{"timestamp":"2025-03-25 09:06:24.444","level":"info","event":"proto_message","direction":"outgoing","sender":"Player0","protoMessage":{"type":"pong","time":1742864784443}}
{"timestamp":"2025-03-25 09:06:44.288","level":"info","event":"proto_message","direction":"incoming","receiver":"Player5","protoMessage":{"type":"ping","time":1742864804288}}
{"timestamp":"2025-03-25 09:06:44.289","level":"info","event":"proto_message","direction":"outgoing","sender":"Player5","protoMessage":{"type":"pong","time":1742864804288}}
{"timestamp":"2025-03-25 09:06:55.167","level":"info","event":"proto_message","direction":"incoming","receiver":"Player0","protoMessage":{"type":"ping","time":1742864815166}}
{"timestamp":"2025-03-25 09:06:55.167","level":"info","event":"proto_message","direction":"outgoing","sender":"Player0","protoMessage":{"type":"pong","time":1742864815166}}
{"timestamp":"2025-03-25 09:07:15.282","level":"info","event":"proto_message","direction":"incoming","receiver":"Player5","protoMessage":{"type":"ping","time":1742864835282}}
{"timestamp":"2025-03-25 09:07:15.282","level":"info","event":"proto_message","direction":"outgoing","sender":"Player5","protoMessage":{"type":"pong","time":1742864835282}}
{"timestamp":"2025-03-25 09:07:25.277","level":"info","event":"proto_message","direction":"incoming","receiver":"Player0","protoMessage":{"type":"ping","time":1742864845277}}
{"timestamp":"2025-03-25 09:07:25.277","level":"info","event":"proto_message","direction":"outgoing","sender":"Player0","protoMessage":{"type":"pong","time":1742864845277}}
{"timestamp":"2025-03-25 09:07:40.278","level":"info","event":"message","message":"Unregistered player: Player5"}
{"timestamp":"2025-03-25 09:07:40.278","level":"info","event":"message","message":"Player Player5 (::1) disconnected."}
{"timestamp":"2025-03-25 09:07:40.283","level":"info","event":"message","message":"New player connection: ::1 (/)"}
{"timestamp":"2025-03-25 09:07:40.283","level":"info","event":"message","message":"Registered new player: Player6"}
{"timestamp":"2025-03-25 09:07:40.283","level":"info","event":"proto_message","direction":"outgoing","sender":"Player6","protoMessage":{"type":"config","peerConnectionOptions":{},"protocolVersion":"1.3.0"}}
{"timestamp":"2025-03-25 09:07:40.285","level":"info","event":"proto_message","direction":"incoming","receiver":"Player6","protoMessage":{"type":"listStreamers"}}
{"timestamp":"2025-03-25 09:07:40.285","level":"info","event":"proto_message","direction":"outgoing","sender":"Player6","protoMessage":{"type":"streamerList","ids":[]}}
{"timestamp":"2025-03-25 09:07:44.269","level":"info","event":"proto_message","direction":"incoming","receiver":"Player6","protoMessage":{"type":"listStreamers"}}
{"timestamp":"2025-03-25 09:07:44.269","level":"info","event":"proto_message","direction":"outgoing","sender":"Player6","protoMessage":{"type":"streamerList","ids":[]}}
{"timestamp":"2025-03-25 09:07:46.720","level":"info","event":"message","message":"Unregistered player: Player6"}
{"timestamp":"2025-03-25 09:07:46.721","level":"info","event":"message","message":"Player Player6 (::1) disconnected."}
{"timestamp":"2025-03-25 09:07:46.809","level":"info","event":"message","message":"New player connection: ::1 (/)"}
{"timestamp":"2025-03-25 09:07:46.810","level":"info","event":"message","message":"Registered new player: Player7"}
{"timestamp":"2025-03-25 09:07:46.810","level":"info","event":"proto_message","direction":"outgoing","sender":"Player7","protoMessage":{"type":"config","peerConnectionOptions":{},"protocolVersion":"1.3.0"}}
{"timestamp":"2025-03-25 09:07:46.857","level":"info","event":"proto_message","direction":"incoming","receiver":"Player7","protoMessage":{"type":"listStreamers"}}
{"timestamp":"2025-03-25 09:07:46.858","level":"info","event":"proto_message","direction":"outgoing","sender":"Player7","protoMessage":{"type":"streamerList","ids":[]}}
{"timestamp":"2025-03-25 09:07:49.880","level":"info","event":"proto_message","direction":"incoming","receiver":"Player7","protoMessage":{"type":"listStreamers"}}
{"timestamp":"2025-03-25 09:07:49.881","level":"info","event":"proto_message","direction":"outgoing","sender":"Player7","protoMessage":{"type":"streamerList","ids":[]}}
{"timestamp":"2025-03-25 09:07:52.894","level":"info","event":"proto_message","direction":"incoming","receiver":"Player7","protoMessage":{"type":"listStreamers"}}
{"timestamp":"2025-03-25 09:07:52.895","level":"info","event":"proto_message","direction":"outgoing","sender":"Player7","protoMessage":{"type":"streamerList","ids":[]}}
{"timestamp":"2025-03-25 09:07:55.268","level":"info","event":"proto_message","direction":"incoming","receiver":"Player0","protoMessage":{"type":"ping","time":1742864875268}}
{"timestamp":"2025-03-25 09:07:55.268","level":"info","event":"proto_message","direction":"outgoing","sender":"Player0","protoMessage":{"type":"pong","time":1742864875268}}
{"timestamp":"2025-03-25 09:07:55.909","level":"info","event":"proto_message","direction":"incoming","receiver":"Player7","protoMessage":{"type":"listStreamers"}}
{"timestamp":"2025-03-25 09:07:55.909","level":"info","event":"proto_message","direction":"outgoing","sender":"Player7","protoMessage":{"type":"streamerList","ids":[]}}
{"timestamp":"2025-03-25 09:08:02.278","level":"info","event":"message","message":"Unregistered player: Player7"}
{"timestamp":"2025-03-25 09:08:02.278","level":"info","event":"message","message":"Player Player7 (::1) disconnected."}
{"timestamp":"2025-03-25 09:08:02.281","level":"info","event":"message","message":"New player connection: ::1 (/)"}
{"timestamp":"2025-03-25 09:08:02.281","level":"info","event":"message","message":"Registered new player: Player8"}
{"timestamp":"2025-03-25 09:08:02.281","level":"info","event":"proto_message","direction":"outgoing","sender":"Player8","protoMessage":{"type":"config","peerConnectionOptions":{},"protocolVersion":"1.3.0"}}
{"timestamp":"2025-03-25 09:08:02.282","level":"info","event":"proto_message","direction":"incoming","receiver":"Player8","protoMessage":{"type":"listStreamers"}}
{"timestamp":"2025-03-25 09:08:02.282","level":"info","event":"proto_message","direction":"outgoing","sender":"Player8","protoMessage":{"type":"streamerList","ids":[]}}
{"timestamp":"2025-03-25 09:08:06.275","level":"info","event":"proto_message","direction":"incoming","receiver":"Player8","protoMessage":{"type":"listStreamers"}}
{"timestamp":"2025-03-25 09:08:06.276","level":"info","event":"proto_message","direction":"outgoing","sender":"Player8","protoMessage":{"type":"streamerList","ids":[]}}
{"timestamp":"2025-03-25 09:08:10.276","level":"info","event":"proto_message","direction":"incoming","receiver":"Player8","protoMessage":{"type":"listStreamers"}}
{"timestamp":"2025-03-25 09:08:10.277","level":"info","event":"proto_message","direction":"outgoing","sender":"Player8","protoMessage":{"type":"streamerList","ids":[]}}
{"timestamp":"2025-03-25 09:08:14.282","level":"info","event":"proto_message","direction":"incoming","receiver":"Player8","protoMessage":{"type":"listStreamers"}}
{"timestamp":"2025-03-25 09:08:14.282","level":"info","event":"proto_message","direction":"outgoing","sender":"Player8","protoMessage":{"type":"streamerList","ids":[]}}
{"timestamp":"2025-03-25 09:08:25.269","level":"info","event":"proto_message","direction":"incoming","receiver":"Player0","protoMessage":{"type":"ping","time":1742864905269}}
{"timestamp":"2025-03-25 09:08:25.269","level":"info","event":"proto_message","direction":"outgoing","sender":"Player0","protoMessage":{"type":"pong","time":1742864905269}}
{"timestamp":"2025-03-25 09:08:33.269","level":"info","event":"proto_message","direction":"incoming","receiver":"Player8","protoMessage":{"type":"ping","time":1742864913269}}
{"timestamp":"2025-03-25 09:08:33.270","level":"info","event":"proto_message","direction":"outgoing","sender":"Player8","protoMessage":{"type":"pong","time":1742864913269}}
{"timestamp":"2025-03-25 09:09:03.278","level":"info","event":"proto_message","direction":"incoming","receiver":"Player8","protoMessage":{"type":"ping","time":1742864943278}}
{"timestamp":"2025-03-25 09:09:03.278","level":"info","event":"proto_message","direction":"outgoing","sender":"Player8","protoMessage":{"type":"pong","time":1742864943278}}
{"timestamp":"2025-03-25 19:03:12.017","level":"info","event":"message","message":"@epicgames-ps/wilbur v2.1.3 starting..."}
{"timestamp":"2025-03-25 19:03:12.018","level":"info","event":"message","message":"Config:"}
{"timestamp":"2025-03-25 19:03:12.019","level":"info","event":"message","message":"\"log_folder\": \"logs\""}
{"timestamp":"2025-03-25 19:03:12.019","level":"info","event":"message","message":"\"log_level_console\": \"info\""}
{"timestamp":"2025-03-25 19:03:12.020","level":"info","event":"message","message":"\"log_level_file\": \"info\""}
{"timestamp":"2025-03-25 19:03:12.020","level":"info","event":"message","message":"\"streamer_port\": \"8888\""}
{"timestamp":"2025-03-25 19:03:12.020","level":"info","event":"message","message":"\"player_port\": \"80\""}
{"timestamp":"2025-03-25 19:03:12.020","level":"info","event":"message","message":"\"sfu_port\": \"8889\""}
{"timestamp":"2025-03-25 19:03:12.021","level":"info","event":"message","message":"\"max_players\": \"0\""}
{"timestamp":"2025-03-25 19:03:12.021","level":"info","event":"message","message":"\"serve\": \"true\""}
{"timestamp":"2025-03-25 19:03:12.021","level":"info","event":"message","message":"\"http_root\": \"www\""}
{"timestamp":"2025-03-25 19:03:12.021","level":"info","event":"message","message":"\"homepage\": \"player.html\""}
{"timestamp":"2025-03-25 19:03:12.022","level":"info","event":"message","message":"\"https\": \"false\""}
{"timestamp":"2025-03-25 19:03:12.022","level":"info","event":"message","message":"\"https_port\": \"443\""}
{"timestamp":"2025-03-25 19:03:12.022","level":"info","event":"message","message":"\"ssl_key_path\": \"certificates/client-key.pem\""}
{"timestamp":"2025-03-25 19:03:12.023","level":"info","event":"message","message":"\"ssl_cert_path\": \"certificates/client-cert.pem\""}
{"timestamp":"2025-03-25 19:03:12.023","level":"info","event":"message","message":"\"https_redirect\": \"true\""}
{"timestamp":"2025-03-25 19:03:12.023","level":"info","event":"message","message":"\"rest_api\": \"false\""}
{"timestamp":"2025-03-25 19:03:12.023","level":"info","event":"message","message":"\"peer_options\": \"\""}
{"timestamp":"2025-03-25 19:03:12.023","level":"info","event":"message","message":"\"log_config\": \"true\""}
{"timestamp":"2025-03-25 19:03:12.023","level":"info","event":"message","message":"\"stdin\": \"false\""}
{"timestamp":"2025-03-25 19:03:12.024","level":"info","event":"message","message":"\"save\": \"false\""}
{"timestamp":"2025-03-25 19:03:12.024","level":"info","event":"message","message":"\"console_messages\": \"verbose\""}
{"timestamp":"2025-03-25 19:03:12.028","level":"info","event":"message","message":"Listening for streamer connections on port 8888"}
{"timestamp":"2025-03-25 19:03:12.029","level":"info","event":"message","message":"Listening for SFU connections on port 8889"}
{"timestamp":"2025-03-25 19:03:12.030","level":"info","event":"message","message":"Http server listening on port 80"}
{"timestamp":"2025-03-25 19:03:22.353","level":"info","event":"message","message":"New player connection: ::ffff:127.0.0.1 (/)"}
{"timestamp":"2025-03-25 19:03:22.354","level":"info","event":"message","message":"Registered new player: Player0"}
{"timestamp":"2025-03-25 19:03:22.355","level":"info","event":"proto_message","direction":"outgoing","sender":"Player0","protoMessage":{"type":"config","peerConnectionOptions":{},"protocolVersion":"1.3.0"}}
{"timestamp":"2025-03-25 19:03:22.356","level":"info","event":"proto_message","direction":"incoming","receiver":"Player0","protoMessage":{"type":"listStreamers"}}
{"timestamp":"2025-03-25 19:03:22.357","level":"info","event":"proto_message","direction":"outgoing","sender":"Player0","protoMessage":{"type":"streamerList","ids":[]}}
{"timestamp":"2025-03-25 19:03:25.360","level":"info","event":"proto_message","direction":"incoming","receiver":"Player0","protoMessage":{"type":"listStreamers"}}
{"timestamp":"2025-03-25 19:03:25.360","level":"info","event":"proto_message","direction":"outgoing","sender":"Player0","protoMessage":{"type":"streamerList","ids":[]}}
{"timestamp":"2025-03-25 19:03:28.364","level":"info","event":"proto_message","direction":"incoming","receiver":"Player0","protoMessage":{"type":"listStreamers"}}
{"timestamp":"2025-03-25 19:03:28.365","level":"info","event":"proto_message","direction":"outgoing","sender":"Player0","protoMessage":{"type":"streamerList","ids":[]}}
{"timestamp":"2025-03-25 19:03:31.371","level":"info","event":"proto_message","direction":"incoming","receiver":"Player0","protoMessage":{"type":"listStreamers"}}
{"timestamp":"2025-03-25 19:03:31.372","level":"info","event":"proto_message","direction":"outgoing","sender":"Player0","protoMessage":{"type":"streamerList","ids":[]}}
{"timestamp":"2025-03-25 19:03:34.545","level":"info","event":"message","message":"New streamer connection: ::ffff:127.0.0.1"}
{"timestamp":"2025-03-25 19:03:34.546","level":"info","event":"proto_message","direction":"outgoing","sender":"UnknownStreamer","protoMessage":{"type":"identify"}}
{"timestamp":"2025-03-25 19:03:34.547","level":"info","event":"proto_message","direction":"outgoing","sender":"UnknownStreamer","protoMessage":{"type":"config","peerConnectionOptions":{},"protocolVersion":"1.3.0"}}
{"timestamp":"2025-03-25 19:03:35.177","level":"info","event":"proto_message","direction":"incoming","receiver":"UnknownStreamer","protoMessage":{"id":"DefaultStreamer","protocolVersion":"1.1.0","type":"endpointId"}}
{"timestamp":"2025-03-25 19:03:35.178","level":"info","event":"proto_message","direction":"outgoing","sender":"DefaultStreamer","protoMessage":{"type":"endpointIdConfirm","committedId":"DefaultStreamer"}}
{"timestamp":"2025-03-25 19:03:35.210","level":"info","event":"proto_message","direction":"incoming","receiver":"DefaultStreamer","protoMessage":{"type":"ping","time":1742900615}}
{"timestamp":"2025-03-25 19:03:35.211","level":"info","event":"proto_message","direction":"outgoing","sender":"DefaultStreamer","protoMessage":{"type":"pong","time":1742900615}}
{"timestamp":"2025-03-25 19:03:38.949","level":"info","event":"message","message":"Unregistered player: Player0"}
{"timestamp":"2025-03-25 19:03:38.949","level":"info","event":"message","message":"Player Player0 (::ffff:127.0.0.1) disconnected."}
{"timestamp":"2025-03-25 19:03:42.125","level":"info","event":"message","message":"New player connection: ::ffff:127.0.0.1 (/)"}
{"timestamp":"2025-03-25 19:03:42.126","level":"info","event":"message","message":"Registered new player: Player1"}
{"timestamp":"2025-03-25 19:03:42.126","level":"info","event":"proto_message","direction":"outgoing","sender":"Player1","protoMessage":{"type":"config","peerConnectionOptions":{},"protocolVersion":"1.3.0"}}
{"timestamp":"2025-03-25 19:03:42.127","level":"info","event":"proto_message","direction":"incoming","receiver":"Player1","protoMessage":{"type":"listStreamers"}}
{"timestamp":"2025-03-25 19:03:42.127","level":"info","event":"proto_message","direction":"outgoing","sender":"Player1","protoMessage":{"type":"streamerList","ids":["DefaultStreamer"]}}
{"timestamp":"2025-03-25 19:03:42.130","level":"info","event":"proto_message","direction":"incoming","receiver":"Player1","protoMessage":{"type":"subscribe","streamerId":"DefaultStreamer"}}
{"timestamp":"2025-03-25 19:03:42.131","level":"info","event":"proto_message","direction":"forward","receiver":"Player1","target":"DefaultStreamer","protoMessage":{"type":"playerConnected","dataChannel":true,"sfu":false,"playerId":"Player1"}}
{"timestamp":"2025-03-25 19:03:42.251","level":"info","event":"proto_message","direction":"forward","receiver":"DefaultStreamer","target":"Player1","protoMessage":{"multiplex":true,"sdp":"v=0\r\no=- 4111858721677463868 2 IN IP4 127.0.0.1\r\ns=-\r\nt=0 0\r\na=group:BUNDLE 0 1 2\r\na=extmap-allow-mixed\r\na=msid-semantic: WMS pixelstreaming_audio_stream_id pixelstreaming_video_stream_id\r\nm=video 9 UDP/TLS/RTP/SAVPF 127 97 98 99 100 101 102\r\nc=IN IP4 0.0.0.0\r\na=rtcp:9 IN IP4 0.0.0.0\r\na=ice-ufrag:vihS\r\na=ice-pwd:kYjSp4LnICUJRaiYedjoa779\r\na=ice-options:trickle\r\na=fingerprint:sha-256 C1:E8:20:35:C7:09:44:60:89:C2:E4:FB:64:52:03:69:66:70:38:55:AA:74:D0:CF:16:D5:DF:12:63:16:45:47\r\na=setup:actpass\r\na=mid:0\r\na=extmap:1 urn:ietf:params:rtp-hdrext:toffset\r\na=extmap:2 http://www.webrtc.org/experiments/rtp-hdrext/abs-send-time\r\na=extmap:3 urn:3gpp:video-orientation\r\na=extmap:4 http://www.ietf.org/id/draft-holmer-rmcat-transport-wide-cc-extensions-01\r\na=extmap:5 http://www.webrtc.org/experiments/rtp-hdrext/playout-delay\r\na=extmap:6 http://www.webrtc.org/experiments/rtp-hdrext/video-content-type\r\na=extmap:7 http://www.webrtc.org/experiments/rtp-hdrext/video-timing\r\na=extmap:8 http://www.webrtc.org/experiments/rtp-hdrext/color-space\r\na=extmap:9 urn:ietf:params:rtp-hdrext:sdes:mid\r\na=extmap:10 urn:ietf:params:rtp-hdrext:sdes:rtp-stream-id\r\na=extmap:11 urn:ietf:params:rtp-hdrext:sdes:repaired-rtp-stream-id\r\na=sendrecv\r\na=msid:pixelstreaming_video_stream_id video\r\na=rtcp-mux\r\na=rtcp-rsize\r\na=rtpmap:127 H264/90000\r\na=rtcp-fb:127 goog-remb\r\na=rtcp-fb:127 transport-cc\r\na=rtcp-fb:127 ccm fir\r\na=rtcp-fb:127 nack\r\na=rtcp-fb:127 nack pli\r\na=fmtp:127 level-asymmetry-allowed=1;packetization-mode=1;profile-level-id=42e01f\r\na=rtpmap:97 rtx/90000\r\na=fmtp:97 apt=127\r\na=rtpmap:98 H264/90000\r\na=rtcp-fb:98 goog-remb\r\na=rtcp-fb:98 transport-cc\r\na=rtcp-fb:98 ccm fir\r\na=rtcp-fb:98 nack\r\na=rtcp-fb:98 nack pli\r\na=fmtp:98 level-asymmetry-allowed=1;packetization-mode=1;profile-level-id=42001f\r\na=rtpmap:99 rtx/90000\r\na=fmtp:99 apt=98\r\na=rtpmap:100 red/90000\r\na=rtpmap:101 rtx/90000\r\na=fmtp:101 apt=100\r\na=rtpmap:102 ulpfec/90000\r\na=ssrc-group:FID 1185933462 1587222186\r\na=ssrc:1185933462 cname:sOvvvnMo1MV/7Gyp\r\na=ssrc:1185933462 msid:pixelstreaming_video_stream_id video\r\na=ssrc:1587222186 cname:sOvvvnMo1MV/7Gyp\r\na=ssrc:1587222186 msid:pixelstreaming_video_stream_id video\r\nm=audio 9 UDP/TLS/RTP/SAVPF 96 110\r\nc=IN IP4 0.0.0.0\r\na=rtcp:9 IN IP4 0.0.0.0\r\na=ice-ufrag:vihS\r\na=ice-pwd:kYjSp4LnICUJRaiYedjoa779\r\na=ice-options:trickle\r\na=fingerprint:sha-256 C1:E8:20:35:C7:09:44:60:89:C2:E4:FB:64:52:03:69:66:70:38:55:AA:74:D0:CF:16:D5:DF:12:63:16:45:47\r\na=setup:actpass\r\na=mid:1\r\na=extmap:14 urn:ietf:params:rtp-hdrext:ssrc-audio-level\r\na=extmap:2 http://www.webrtc.org/experiments/rtp-hdrext/abs-send-time\r\na=extmap:4 http://www.ietf.org/id/draft-holmer-rmcat-transport-wide-cc-extensions-01\r\na=extmap:9 urn:ietf:params:rtp-hdrext:sdes:mid\r\na=sendrecv\r\na=msid:pixelstreaming_audio_stream_id audio\r\na=rtcp-mux\r\na=rtpmap:96 OPUS/48000/2\r\na=rtcp-fb:96 transport-cc\r\na=rtpmap:110 telephone-event/48000\r\na=ssrc:4141262790 cname:sOvvvnMo1MV/7Gyp\r\na=ssrc:4141262790 msid:pixelstreaming_audio_stream_id audio\r\nm=application 9 UDP/DTLS/SCTP webrtc-datachannel\r\nc=IN IP4 0.0.0.0\r\na=ice-ufrag:vihS\r\na=ice-pwd:kYjSp4LnICUJRaiYedjoa779\r\na=ice-options:trickle\r\na=fingerprint:sha-256 C1:E8:20:35:C7:09:44:60:89:C2:E4:FB:64:52:03:69:66:70:38:55:AA:74:D0:CF:16:D5:DF:12:63:16:45:47\r\na=setup:actpass\r\na=mid:2\r\na=sctp-port:5000\r\na=max-message-size:262144\r\n","type":"offer","scalabilityMode":"L1T1"}}
{"timestamp":"2025-03-25 19:03:42.252","level":"info","event":"proto_message","direction":"forward","receiver":"Player1","target":"DefaultStreamer","protoMessage":{"type":"layerPreference","spatialLayer":0,"temporalLayer":0,"playerId":"Player1"}}
{"timestamp":"2025-03-25 19:03:42.283","level":"info","event":"proto_message","direction":"forward","receiver":"DefaultStreamer","target":"Player1","protoMessage":{"candidate":{"candidate":"candidate:3566660501 1 udp 2122260223 172.21.144.1 49152 typ host generation 0 ufrag vihS network-id 6","sdpMLineIndex":0,"sdpMid":"0"},"type":"iceCandidate"}}
{"timestamp":"2025-03-25 19:03:42.296","level":"info","event":"proto_message","direction":"forward","receiver":"Player1","target":"DefaultStreamer","protoMessage":{"type":"answer","sdp":"v=0\r\no=- 5894128485860808387 2 IN IP4 127.0.0.1\r\ns=-\r\nt=0 0\r\na=group:BUNDLE 0 1 2\r\na=extmap-allow-mixed\r\na=msid-semantic: WMS\r\nm=video 9 UDP/TLS/RTP/SAVPF 98 99 127 97 100 101 102\r\nc=IN IP4 0.0.0.0\r\na=rtcp:9 IN IP4 0.0.0.0\r\na=ice-ufrag:gltf\r\na=ice-pwd:1IYyUe73bt0uBQHPnxdE/gaG\r\na=ice-options:trickle\r\na=fingerprint:sha-256 92:C9:DB:97:B2:51:41:10:40:48:05:35:98:57:D9:82:00:17:C6:99:7B:17:1F:41:31:23:0F:58:B2:1E:60:D8\r\na=setup:active\r\na=mid:0\r\na=extmap:1 urn:ietf:params:rtp-hdrext:toffset\r\na=extmap:2 http://www.webrtc.org/experiments/rtp-hdrext/abs-send-time\r\na=extmap:3 urn:3gpp:video-orientation\r\na=extmap:4 http://www.ietf.org/id/draft-holmer-rmcat-transport-wide-cc-extensions-01\r\na=extmap:5 http://www.webrtc.org/experiments/rtp-hdrext/playout-delay\r\na=extmap:6 http://www.webrtc.org/experiments/rtp-hdrext/video-content-type\r\na=extmap:7 http://www.webrtc.org/experiments/rtp-hdrext/video-timing\r\na=extmap:8 http://www.webrtc.org/experiments/rtp-hdrext/color-space\r\na=extmap:9 urn:ietf:params:rtp-hdrext:sdes:mid\r\na=extmap:10 urn:ietf:params:rtp-hdrext:sdes:rtp-stream-id\r\na=extmap:11 urn:ietf:params:rtp-hdrext:sdes:repaired-rtp-stream-id\r\na=recvonly\r\na=rtcp-mux\r\na=rtcp-rsize\r\na=rtpmap:98 H264/90000\r\na=rtcp-fb:98 goog-remb\r\na=rtcp-fb:98 transport-cc\r\na=rtcp-fb:98 ccm fir\r\na=rtcp-fb:98 nack\r\na=rtcp-fb:98 nack pli\r\na=fmtp:98 level-asymmetry-allowed=1;packetization-mode=1;profile-level-id=42001f;x-google-max-bitrate=100000;x-google-start-bitrate=10000\r\na=rtpmap:99 rtx/90000\r\na=fmtp:99 apt=98\r\na=rtpmap:127 H264/90000\r\na=rtcp-fb:127 goog-remb\r\na=rtcp-fb:127 transport-cc\r\na=rtcp-fb:127 ccm fir\r\na=rtcp-fb:127 nack\r\na=rtcp-fb:127 nack pli\r\na=fmtp:127 level-asymmetry-allowed=1;packetization-mode=1;profile-level-id=42e01f;x-google-max-bitrate=100000;x-google-start-bitrate=10000\r\na=rtpmap:97 rtx/90000\r\na=fmtp:97 apt=127\r\na=rtpmap:100 red/90000\r\na=rtpmap:101 rtx/90000\r\na=fmtp:101 apt=100\r\na=rtpmap:102 ulpfec/90000\r\nm=audio 9 UDP/TLS/RTP/SAVPF 96 110\r\nc=IN IP4 0.0.0.0\r\na=rtcp:9 IN IP4 0.0.0.0\r\na=ice-ufrag:gltf\r\na=ice-pwd:1IYyUe73bt0uBQHPnxdE/gaG\r\na=ice-options:trickle\r\na=fingerprint:sha-256 92:C9:DB:97:B2:51:41:10:40:48:05:35:98:57:D9:82:00:17:C6:99:7B:17:1F:41:31:23:0F:58:B2:1E:60:D8\r\na=setup:active\r\na=mid:1\r\na=extmap:14 urn:ietf:params:rtp-hdrext:ssrc-audio-level\r\na=extmap:2 http://www.webrtc.org/experiments/rtp-hdrext/abs-send-time\r\na=extmap:4 http://www.ietf.org/id/draft-holmer-rmcat-transport-wide-cc-extensions-01\r\na=extmap:9 urn:ietf:params:rtp-hdrext:sdes:mid\r\na=recvonly\r\na=rtcp-mux\r\na=rtpmap:96 OPUS/48000/2\r\na=rtcp-fb:96 transport-cc\r\na=fmtp:96 maxaveragebitrate=510000;minptime=10;stereo=1;useinbandfec=1\r\na=rtpmap:110 telephone-event/48000\r\nm=application 9 UDP/DTLS/SCTP webrtc-datachannel\r\nc=IN IP4 0.0.0.0\r\na=ice-ufrag:gltf\r\na=ice-pwd:1IYyUe73bt0uBQHPnxdE/gaG\r\na=ice-options:trickle\r\na=fingerprint:sha-256 92:C9:DB:97:B2:51:41:10:40:48:05:35:98:57:D9:82:00:17:C6:99:7B:17:1F:41:31:23:0F:58:B2:1E:60:D8\r\na=setup:active\r\na=mid:2\r\na=sctp-port:5000\r\na=max-message-size:262144\r\n","minBitrateBps":0,"maxBitrateBps":0,"playerId":"Player1"}}
{"timestamp":"2025-03-25 19:03:42.299","level":"info","event":"proto_message","direction":"forward","receiver":"Player1","target":"DefaultStreamer","protoMessage":{"type":"iceCandidate","candidate":{"candidate":"candidate:2378477429 1 udp 2113937151 af98a9c7-7538-4a35-955d-c02e7eec3233.local 61933 typ host generation 0 ufrag gltf network-cost 999","sdpMid":"0","sdpMLineIndex":0,"usernameFragment":"gltf"},"playerId":"Player1"}}
{"timestamp":"2025-03-25 19:03:42.300","level":"info","event":"proto_message","direction":"forward","receiver":"Player1","target":"DefaultStreamer","protoMessage":{"type":"iceCandidate","candidate":{"candidate":"candidate:2510785223 1 udp 2113939711 f497b66d-550f-46ea-8efc-e1f565e34b9d.local 61934 typ host generation 0 ufrag gltf network-cost 999","sdpMid":"0","sdpMLineIndex":0,"usernameFragment":"gltf"},"playerId":"Player1"}}
{"timestamp":"2025-03-25 19:03:42.316","level":"info","event":"proto_message","direction":"forward","receiver":"DefaultStreamer","target":"Player1","protoMessage":{"candidate":{"candidate":"candidate:1222343950 1 udp 2122197247 2408:8207:4843:2560:1589:6625:55bc:c8cb 49152 typ host generation 0 ufrag vihS network-id 2 network-cost 10","sdpMLineIndex":0,"sdpMid":"0"},"type":"iceCandidate"}}
{"timestamp":"2025-03-25 19:03:42.349","level":"info","event":"proto_message","direction":"forward","receiver":"DefaultStreamer","target":"Player1","protoMessage":{"candidate":{"candidate":"candidate:994716854 1 udp 2122131711 2408:8207:4843:2560:c969:9611:272f:ac6b 49152 typ host generation 0 ufrag vihS network-id 3 network-cost 10","sdpMLineIndex":0,"sdpMid":"0"},"type":"iceCandidate"}}
{"timestamp":"2025-03-25 19:03:42.383","level":"info","event":"proto_message","direction":"forward","receiver":"DefaultStreamer","target":"Player1","protoMessage":{"candidate":{"candidate":"candidate:4000796325 1 udp 2122063615 192.168.1.3 49152 typ host generation 0 ufrag vihS network-id 1 network-cost 10","sdpMLineIndex":0,"sdpMid":"0"},"type":"iceCandidate"}}
{"timestamp":"2025-03-25 19:03:42.417","level":"info","event":"proto_message","direction":"forward","receiver":"DefaultStreamer","target":"Player1","protoMessage":{"candidate":{"candidate":"candidate:3566660501 1 udp 2122260223 172.21.144.1 49153 typ host generation 0 ufrag vihS network-id 6","sdpMLineIndex":1,"sdpMid":"1"},"type":"iceCandidate"}}
{"timestamp":"2025-03-25 19:03:42.450","level":"info","event":"proto_message","direction":"forward","receiver":"DefaultStreamer","target":"Player1","protoMessage":{"candidate":{"candidate":"candidate:1222343950 1 udp 2122197247 2408:8207:4843:2560:1589:6625:55bc:c8cb 49153 typ host generation 0 ufrag vihS network-id 2 network-cost 10","sdpMLineIndex":1,"sdpMid":"1"},"type":"iceCandidate"}}
{"timestamp":"2025-03-25 19:03:42.484","level":"info","event":"proto_message","direction":"forward","receiver":"DefaultStreamer","target":"Player1","protoMessage":{"candidate":{"candidate":"candidate:994716854 1 udp 2122131711 2408:8207:4843:2560:c969:9611:272f:ac6b 49153 typ host generation 0 ufrag vihS network-id 3 network-cost 10","sdpMLineIndex":1,"sdpMid":"1"},"type":"iceCandidate"}}
{"timestamp":"2025-03-25 19:03:42.517","level":"info","event":"proto_message","direction":"forward","receiver":"DefaultStreamer","target":"Player1","protoMessage":{"candidate":{"candidate":"candidate:4000796325 1 udp 2122063615 192.168.1.3 49153 typ host generation 0 ufrag vihS network-id 1 network-cost 10","sdpMLineIndex":1,"sdpMid":"1"},"type":"iceCandidate"}}
{"timestamp":"2025-03-25 19:03:42.550","level":"info","event":"proto_message","direction":"forward","receiver":"DefaultStreamer","target":"Player1","protoMessage":{"candidate":{"candidate":"candidate:3566660501 1 udp 2122260223 172.21.144.1 49154 typ host generation 0 ufrag vihS network-id 6","sdpMLineIndex":2,"sdpMid":"2"},"type":"iceCandidate"}}
{"timestamp":"2025-03-25 19:03:42.584","level":"info","event":"proto_message","direction":"forward","receiver":"DefaultStreamer","target":"Player1","protoMessage":{"candidate":{"candidate":"candidate:1222343950 1 udp 2122197247 2408:8207:4843:2560:1589:6625:55bc:c8cb 49154 typ host generation 0 ufrag vihS network-id 2 network-cost 10","sdpMLineIndex":2,"sdpMid":"2"},"type":"iceCandidate"}}
{"timestamp":"2025-03-25 19:03:42.617","level":"info","event":"proto_message","direction":"forward","receiver":"DefaultStreamer","target":"Player1","protoMessage":{"candidate":{"candidate":"candidate:994716854 1 udp 2122131711 2408:8207:4843:2560:c969:9611:272f:ac6b 49154 typ host generation 0 ufrag vihS network-id 3 network-cost 10","sdpMLineIndex":2,"sdpMid":"2"},"type":"iceCandidate"}}
{"timestamp":"2025-03-25 19:03:42.650","level":"info","event":"proto_message","direction":"forward","receiver":"DefaultStreamer","target":"Player1","protoMessage":{"candidate":{"candidate":"candidate:4000796325 1 udp 2122063615 192.168.1.3 49154 typ host generation 0 ufrag vihS network-id 1 network-cost 10","sdpMLineIndex":2,"sdpMid":"2"},"type":"iceCandidate"}}
{"timestamp":"2025-03-25 19:03:42.684","level":"info","event":"proto_message","direction":"forward","receiver":"DefaultStreamer","target":"Player1","protoMessage":{"candidate":{"candidate":"candidate:708591361 1 tcp 1518280447 172.21.144.1 49152 typ host tcptype passive generation 0 ufrag vihS network-id 6","sdpMLineIndex":0,"sdpMid":"0"},"type":"iceCandidate"}}
{"timestamp":"2025-03-25 19:03:42.719","level":"info","event":"proto_message","direction":"forward","receiver":"DefaultStreamer","target":"Player1","protoMessage":{"candidate":{"candidate":"candidate:3060902298 1 tcp 1518217471 2408:8207:4843:2560:1589:6625:55bc:c8cb 49152 typ host tcptype passive generation 0 ufrag vihS network-id 2 network-cost 10","sdpMLineIndex":0,"sdpMid":"0"},"type":"iceCandidate"}}
{"timestamp":"2025-03-25 19:03:42.752","level":"info","event":"proto_message","direction":"forward","receiver":"DefaultStreamer","target":"Player1","protoMessage":{"candidate":{"candidate":"candidate:3319855138 1 tcp 1518151935 2408:8207:4843:2560:c969:9611:272f:ac6b 49152 typ host tcptype passive generation 0 ufrag vihS network-id 3 network-cost 10","sdpMLineIndex":0,"sdpMid":"0"},"type":"iceCandidate"}}
{"timestamp":"2025-03-25 19:03:42.785","level":"info","event":"proto_message","direction":"forward","receiver":"DefaultStreamer","target":"Player1","protoMessage":{"candidate":{"candidate":"candidate:282958385 1 tcp 1518083839 192.168.1.3 49152 typ host tcptype passive generation 0 ufrag vihS network-id 1 network-cost 10","sdpMLineIndex":0,"sdpMid":"0"},"type":"iceCandidate"}}
{"timestamp":"2025-03-25 19:03:42.818","level":"info","event":"proto_message","direction":"forward","receiver":"DefaultStreamer","target":"Player1","protoMessage":{"candidate":{"candidate":"candidate:708591361 1 tcp 1518280447 172.21.144.1 49153 typ host tcptype passive generation 0 ufrag vihS network-id 6","sdpMLineIndex":1,"sdpMid":"1"},"type":"iceCandidate"}}
{"timestamp":"2025-03-25 19:03:42.852","level":"info","event":"proto_message","direction":"forward","receiver":"DefaultStreamer","target":"Player1","protoMessage":{"candidate":{"candidate":"candidate:3060902298 1 tcp 1518217471 2408:8207:4843:2560:1589:6625:55bc:c8cb 49153 typ host tcptype passive generation 0 ufrag vihS network-id 2 network-cost 10","sdpMLineIndex":1,"sdpMid":"1"},"type":"iceCandidate"}}
{"timestamp":"2025-03-25 19:03:42.886","level":"info","event":"proto_message","direction":"forward","receiver":"DefaultStreamer","target":"Player1","protoMessage":{"candidate":{"candidate":"candidate:3319855138 1 tcp 1518151935 2408:8207:4843:2560:c969:9611:272f:ac6b 49153 typ host tcptype passive generation 0 ufrag vihS network-id 3 network-cost 10","sdpMLineIndex":1,"sdpMid":"1"},"type":"iceCandidate"}}
{"timestamp":"2025-03-25 19:03:42.919","level":"info","event":"proto_message","direction":"forward","receiver":"DefaultStreamer","target":"Player1","protoMessage":{"candidate":{"candidate":"candidate:282958385 1 tcp 1518083839 192.168.1.3 49153 typ host tcptype passive generation 0 ufrag vihS network-id 1 network-cost 10","sdpMLineIndex":1,"sdpMid":"1"},"type":"iceCandidate"}}
{"timestamp":"2025-03-25 19:03:42.952","level":"info","event":"proto_message","direction":"forward","receiver":"DefaultStreamer","target":"Player1","protoMessage":{"candidate":{"candidate":"candidate:708591361 1 tcp 1518280447 172.21.144.1 49154 typ host tcptype passive generation 0 ufrag vihS network-id 6","sdpMLineIndex":2,"sdpMid":"2"},"type":"iceCandidate"}}
{"timestamp":"2025-03-25 19:03:42.986","level":"info","event":"proto_message","direction":"forward","receiver":"DefaultStreamer","target":"Player1","protoMessage":{"candidate":{"candidate":"candidate:3060902298 1 tcp 1518217471 2408:8207:4843:2560:1589:6625:55bc:c8cb 49154 typ host tcptype passive generation 0 ufrag vihS network-id 2 network-cost 10","sdpMLineIndex":2,"sdpMid":"2"},"type":"iceCandidate"}}
{"timestamp":"2025-03-25 19:03:43.019","level":"info","event":"proto_message","direction":"forward","receiver":"DefaultStreamer","target":"Player1","protoMessage":{"candidate":{"candidate":"candidate:3319855138 1 tcp 1518151935 2408:8207:4843:2560:c969:9611:272f:ac6b 49154 typ host tcptype passive generation 0 ufrag vihS network-id 3 network-cost 10","sdpMLineIndex":2,"sdpMid":"2"},"type":"iceCandidate"}}
{"timestamp":"2025-03-25 19:03:43.053","level":"info","event":"proto_message","direction":"forward","receiver":"DefaultStreamer","target":"Player1","protoMessage":{"candidate":{"candidate":"candidate:282958385 1 tcp 1518083839 192.168.1.3 49154 typ host tcptype passive generation 0 ufrag vihS network-id 1 network-cost 10","sdpMLineIndex":2,"sdpMid":"2"},"type":"iceCandidate"}}
{"timestamp":"2025-03-25 19:03:50.108","level":"info","event":"message","message":"Streamer 'DefaultStreamer' - websocket disconnected."}
{"timestamp":"2025-03-25 19:03:50.108","level":"info","event":"proto_message","direction":"forward","receiver":"Player1","target":"DefaultStreamer","protoMessage":{"type":"playerDisconnected","playerId":"Player1"}}
{"timestamp":"2025-03-25 19:03:50.109","level":"info","event":"message","message":"Streamer DefaultStreamer (::ffff:127.0.0.1) disconnected."}
{"timestamp":"2025-03-25 19:03:50.110","level":"info","event":"message","message":"Unregistered player: Player1"}
{"timestamp":"2025-03-25 19:03:50.110","level":"info","event":"message","message":"Player Player1 (::ffff:127.0.0.1) disconnected."}
{"timestamp":"2025-03-25 19:03:52.115","level":"info","event":"message","message":"New player connection: ::ffff:127.0.0.1 (/)"}
{"timestamp":"2025-03-25 19:03:52.117","level":"info","event":"message","message":"Registered new player: Player2"}
{"timestamp":"2025-03-25 19:03:52.117","level":"info","event":"proto_message","direction":"outgoing","sender":"Player2","protoMessage":{"type":"config","peerConnectionOptions":{},"protocolVersion":"1.3.0"}}
{"timestamp":"2025-03-25 19:03:52.118","level":"info","event":"proto_message","direction":"incoming","receiver":"Player2","protoMessage":{"type":"listStreamers"}}
{"timestamp":"2025-03-25 19:03:52.118","level":"info","event":"proto_message","direction":"outgoing","sender":"Player2","protoMessage":{"type":"streamerList","ids":[]}}
{"timestamp":"2025-03-25 19:03:55.128","level":"info","event":"proto_message","direction":"incoming","receiver":"Player2","protoMessage":{"type":"listStreamers"}}
{"timestamp":"2025-03-25 19:03:55.128","level":"info","event":"proto_message","direction":"outgoing","sender":"Player2","protoMessage":{"type":"streamerList","ids":[]}}
{"timestamp":"2025-03-25 19:03:58.163","level":"info","event":"proto_message","direction":"incoming","receiver":"Player2","protoMessage":{"type":"listStreamers"}}
{"timestamp":"2025-03-25 19:03:58.163","level":"info","event":"proto_message","direction":"outgoing","sender":"Player2","protoMessage":{"type":"streamerList","ids":[]}}
{"timestamp":"2025-03-25 19:23:48.696","level":"info","event":"message","message":"@epicgames-ps/wilbur v2.1.3 starting..."}
{"timestamp":"2025-03-25 19:23:48.697","level":"info","event":"message","message":"Config:"}
{"timestamp":"2025-03-25 19:23:48.697","level":"info","event":"message","message":"\"log_folder\": \"logs\""}
{"timestamp":"2025-03-25 19:23:48.698","level":"info","event":"message","message":"\"log_level_console\": \"info\""}
{"timestamp":"2025-03-25 19:23:48.698","level":"info","event":"message","message":"\"log_level_file\": \"info\""}
{"timestamp":"2025-03-25 19:23:48.698","level":"info","event":"message","message":"\"streamer_port\": \"8888\""}
{"timestamp":"2025-03-25 19:23:48.699","level":"info","event":"message","message":"\"player_port\": \"80\""}
{"timestamp":"2025-03-25 19:23:48.699","level":"info","event":"message","message":"\"sfu_port\": \"8889\""}
{"timestamp":"2025-03-25 19:23:48.699","level":"info","event":"message","message":"\"max_players\": \"0\""}
{"timestamp":"2025-03-25 19:23:48.700","level":"info","event":"message","message":"\"serve\": \"true\""}
{"timestamp":"2025-03-25 19:23:48.700","level":"info","event":"message","message":"\"http_root\": \"D:\\PixelStreamingInfrastructure\\SignallingWebServer\\www\""}
{"timestamp":"2025-03-25 19:23:48.700","level":"info","event":"message","message":"\"homepage\": \"player.html\""}
{"timestamp":"2025-03-25 19:23:48.700","level":"info","event":"message","message":"\"https\": \"false\""}
{"timestamp":"2025-03-25 19:23:48.701","level":"info","event":"message","message":"\"https_port\": \"443\""}
{"timestamp":"2025-03-25 19:23:48.701","level":"info","event":"message","message":"\"ssl_key_path\": \"certificates/client-key.pem\""}
{"timestamp":"2025-03-25 19:23:48.701","level":"info","event":"message","message":"\"ssl_cert_path\": \"certificates/client-cert.pem\""}
{"timestamp":"2025-03-25 19:23:48.701","level":"info","event":"message","message":"\"https_redirect\": \"true\""}
{"timestamp":"2025-03-25 19:23:48.701","level":"info","event":"message","message":"\"rest_api\": \"false\""}
{"timestamp":"2025-03-25 19:23:48.702","level":"info","event":"message","message":"\"peer_options\": \"\""}
{"timestamp":"2025-03-25 19:23:48.702","level":"info","event":"message","message":"\"log_config\": \"true\""}
{"timestamp":"2025-03-25 19:23:48.702","level":"info","event":"message","message":"\"stdin\": \"false\""}
{"timestamp":"2025-03-25 19:23:48.702","level":"info","event":"message","message":"\"save\": \"false\""}
{"timestamp":"2025-03-25 19:23:48.702","level":"info","event":"message","message":"\"console_messages\": \"verbose\""}
{"timestamp":"2025-03-25 19:23:48.707","level":"info","event":"message","message":"Listening for streamer connections on port 8888"}
{"timestamp":"2025-03-25 19:23:48.707","level":"info","event":"message","message":"Listening for SFU connections on port 8889"}
{"timestamp":"2025-03-25 19:23:48.708","level":"info","event":"message","message":"Http server listening on port 80"}
{"timestamp":"2025-03-25 19:23:54.364","level":"error","event":"message","message":"Unable to locate file player.html"}
{"timestamp":"2025-03-25 19:23:56.941","level":"error","event":"message","message":"Unable to locate file player.html"}
{"timestamp":"2025-03-25 19:24:19.089","level":"error","event":"message","message":"Unable to locate file player.html"}
{"timestamp":"2025-03-25 19:24:20.939","level":"error","event":"message","message":"Unable to locate file player.html"}
{"timestamp":"2025-03-25 19:25:01.459","level":"error","event":"message","message":"Unable to locate file player.html"}
{"timestamp":"2025-03-25 19:25:02.205","level":"error","event":"message","message":"Unable to locate file player.html"}
{"timestamp":"2025-03-25 19:25:02.380","level":"error","event":"message","message":"Unable to locate file player.html"}
{"timestamp":"2025-03-25 19:25:02.785","level":"error","event":"message","message":"Unable to locate file player.html"}
{"timestamp":"2025-03-25 19:32:58.436","level":"info","event":"message","message":"@epicgames-ps/wilbur v2.1.3 starting..."}
{"timestamp":"2025-03-25 19:32:58.436","level":"info","event":"message","message":"Config:"}
{"timestamp":"2025-03-25 19:32:58.436","level":"info","event":"message","message":"\"log_folder\": \"logs\""}
{"timestamp":"2025-03-25 19:32:58.437","level":"info","event":"message","message":"\"log_level_console\": \"info\""}
{"timestamp":"2025-03-25 19:32:58.438","level":"info","event":"message","message":"\"log_level_file\": \"info\""}
{"timestamp":"2025-03-25 19:32:58.438","level":"info","event":"message","message":"\"streamer_port\": \"8888\""}
{"timestamp":"2025-03-25 19:32:58.438","level":"info","event":"message","message":"\"player_port\": \"80\""}
{"timestamp":"2025-03-25 19:32:58.438","level":"info","event":"message","message":"\"sfu_port\": \"8889\""}
{"timestamp":"2025-03-25 19:32:58.438","level":"info","event":"message","message":"\"max_players\": \"0\""}
{"timestamp":"2025-03-25 19:32:58.439","level":"info","event":"message","message":"\"serve\": \"true\""}
{"timestamp":"2025-03-25 19:32:58.439","level":"info","event":"message","message":"\"http_root\": \"D:\\PixelStreamingInfrastructure\\SignallingWebServer\\www\""}
{"timestamp":"2025-03-25 19:32:58.439","level":"info","event":"message","message":"\"homepage\": \"player.html\""}
{"timestamp":"2025-03-25 19:32:58.439","level":"info","event":"message","message":"\"https\": \"false\""}
{"timestamp":"2025-03-25 19:32:58.439","level":"info","event":"message","message":"\"https_port\": \"443\""}
{"timestamp":"2025-03-25 19:32:58.440","level":"info","event":"message","message":"\"ssl_key_path\": \"certificates/client-key.pem\""}
{"timestamp":"2025-03-25 19:32:58.440","level":"info","event":"message","message":"\"ssl_cert_path\": \"certificates/client-cert.pem\""}
{"timestamp":"2025-03-25 19:32:58.440","level":"info","event":"message","message":"\"https_redirect\": \"true\""}
{"timestamp":"2025-03-25 19:32:58.441","level":"info","event":"message","message":"\"rest_api\": \"false\""}
{"timestamp":"2025-03-25 19:32:58.441","level":"info","event":"message","message":"\"peer_options\": \"\""}
{"timestamp":"2025-03-25 19:32:58.441","level":"info","event":"message","message":"\"log_config\": \"true\""}
{"timestamp":"2025-03-25 19:32:58.441","level":"info","event":"message","message":"\"stdin\": \"false\""}
{"timestamp":"2025-03-25 19:32:58.441","level":"info","event":"message","message":"\"save\": \"false\""}
{"timestamp":"2025-03-25 19:32:58.442","level":"info","event":"message","message":"\"console_messages\": \"verbose\""}
{"timestamp":"2025-03-25 19:32:58.445","level":"info","event":"message","message":"Listening for streamer connections on port 8888"}
{"timestamp":"2025-03-25 19:32:58.446","level":"info","event":"message","message":"Listening for SFU connections on port 8889"}
{"timestamp":"2025-03-25 19:32:58.447","level":"info","event":"message","message":"Http server listening on port 80"}
{"timestamp":"2025-03-25 19:33:03.466","level":"error","event":"message","message":"Unable to locate file player.html"}
{"timestamp":"2025-03-25 19:33:04.148","level":"error","event":"message","message":"Unable to locate file player.html"}
{"timestamp":"2025-03-25 19:33:04.707","level":"error","event":"message","message":"Unable to locate file player.html"}
{"timestamp":"2025-03-25 19:33:06.301","level":"error","event":"message","message":"Unable to locate file player.html"}
{"timestamp":"2025-03-25 19:33:23.335","level":"info","event":"message","message":"@epicgames-ps/wilbur v2.1.3 starting..."}
{"timestamp":"2025-03-25 19:33:23.336","level":"info","event":"message","message":"Config:"}
{"timestamp":"2025-03-25 19:33:23.336","level":"info","event":"message","message":"\"log_folder\": \"logs\""}
{"timestamp":"2025-03-25 19:33:23.336","level":"info","event":"message","message":"\"log_level_console\": \"info\""}
{"timestamp":"2025-03-25 19:33:23.337","level":"info","event":"message","message":"\"log_level_file\": \"info\""}
{"timestamp":"2025-03-25 19:33:23.337","level":"info","event":"message","message":"\"streamer_port\": \"8888\""}
{"timestamp":"2025-03-25 19:33:23.338","level":"info","event":"message","message":"\"player_port\": \"80\""}
{"timestamp":"2025-03-25 19:33:23.338","level":"info","event":"message","message":"\"sfu_port\": \"8889\""}
{"timestamp":"2025-03-25 19:33:23.338","level":"info","event":"message","message":"\"max_players\": \"0\""}
{"timestamp":"2025-03-25 19:33:23.339","level":"info","event":"message","message":"\"serve\": \"true\""}
{"timestamp":"2025-03-25 19:33:23.339","level":"info","event":"message","message":"\"http_root\": \"www\""}
{"timestamp":"2025-03-25 19:33:23.339","level":"info","event":"message","message":"\"homepage\": \"player.html\""}
{"timestamp":"2025-03-25 19:33:23.340","level":"info","event":"message","message":"\"https\": \"false\""}
{"timestamp":"2025-03-25 19:33:23.340","level":"info","event":"message","message":"\"https_port\": \"443\""}
{"timestamp":"2025-03-25 19:33:23.340","level":"info","event":"message","message":"\"ssl_key_path\": \"certificates/client-key.pem\""}
{"timestamp":"2025-03-25 19:33:23.340","level":"info","event":"message","message":"\"ssl_cert_path\": \"certificates/client-cert.pem\""}
{"timestamp":"2025-03-25 19:33:23.341","level":"info","event":"message","message":"\"https_redirect\": \"true\""}
{"timestamp":"2025-03-25 19:33:23.341","level":"info","event":"message","message":"\"rest_api\": \"false\""}
{"timestamp":"2025-03-25 19:33:23.341","level":"info","event":"message","message":"\"peer_options\": \"\""}
{"timestamp":"2025-03-25 19:33:23.342","level":"info","event":"message","message":"\"log_config\": \"true\""}
{"timestamp":"2025-03-25 19:33:23.342","level":"info","event":"message","message":"\"stdin\": \"false\""}
{"timestamp":"2025-03-25 19:33:23.342","level":"info","event":"message","message":"\"save\": \"false\""}
{"timestamp":"2025-03-25 19:33:23.342","level":"info","event":"message","message":"\"console_messages\": \"verbose\""}
{"timestamp":"2025-03-25 19:33:23.346","level":"info","event":"message","message":"Listening for streamer connections on port 8888"}
{"timestamp":"2025-03-25 19:33:23.347","level":"info","event":"message","message":"Listening for SFU connections on port 8889"}
{"timestamp":"2025-03-25 19:33:23.348","level":"info","event":"message","message":"Http server listening on port 80"}
{"timestamp":"2025-03-25 19:33:40.928","level":"info","event":"message","message":"@epicgames-ps/wilbur v2.1.3 starting..."}
{"timestamp":"2025-03-25 19:33:40.929","level":"info","event":"message","message":"Config:"}
{"timestamp":"2025-03-25 19:33:40.929","level":"info","event":"message","message":"\"log_folder\": \"logs\""}
{"timestamp":"2025-03-25 19:33:40.930","level":"info","event":"message","message":"\"log_level_console\": \"info\""}
{"timestamp":"2025-03-25 19:33:40.930","level":"info","event":"message","message":"\"log_level_file\": \"info\""}
{"timestamp":"2025-03-25 19:33:40.930","level":"info","event":"message","message":"\"streamer_port\": \"8888\""}
{"timestamp":"2025-03-25 19:33:40.930","level":"info","event":"message","message":"\"player_port\": \"80\""}
{"timestamp":"2025-03-25 19:33:40.931","level":"info","event":"message","message":"\"sfu_port\": \"8889\""}
{"timestamp":"2025-03-25 19:33:40.931","level":"info","event":"message","message":"\"max_players\": \"0\""}
{"timestamp":"2025-03-25 19:33:40.931","level":"info","event":"message","message":"\"serve\": \"true\""}
{"timestamp":"2025-03-25 19:33:40.931","level":"info","event":"message","message":"\"http_root\": \"www\""}
{"timestamp":"2025-03-25 19:33:40.931","level":"info","event":"message","message":"\"homepage\": \"player.html\""}
{"timestamp":"2025-03-25 19:33:40.932","level":"info","event":"message","message":"\"https\": \"false\""}
{"timestamp":"2025-03-25 19:33:40.932","level":"info","event":"message","message":"\"https_port\": \"443\""}
{"timestamp":"2025-03-25 19:33:40.932","level":"info","event":"message","message":"\"ssl_key_path\": \"certificates/client-key.pem\""}
{"timestamp":"2025-03-25 19:33:40.932","level":"info","event":"message","message":"\"ssl_cert_path\": \"certificates/client-cert.pem\""}
{"timestamp":"2025-03-25 19:33:40.933","level":"info","event":"message","message":"\"https_redirect\": \"true\""}
{"timestamp":"2025-03-25 19:33:40.933","level":"info","event":"message","message":"\"rest_api\": \"false\""}
{"timestamp":"2025-03-25 19:33:40.933","level":"info","event":"message","message":"\"peer_options\": \"\""}
{"timestamp":"2025-03-25 19:33:40.933","level":"info","event":"message","message":"\"log_config\": \"true\""}
{"timestamp":"2025-03-25 19:33:40.934","level":"info","event":"message","message":"\"stdin\": \"false\""}
{"timestamp":"2025-03-25 19:33:40.934","level":"info","event":"message","message":"\"save\": \"false\""}
{"timestamp":"2025-03-25 19:33:40.937","level":"info","event":"message","message":"\"console_messages\": \"verbose\""}
{"timestamp":"2025-03-25 19:33:40.943","level":"info","event":"message","message":"Listening for streamer connections on port 8888"}
{"timestamp":"2025-03-25 19:33:40.944","level":"info","event":"message","message":"Listening for SFU connections on port 8889"}
{"timestamp":"2025-03-25 19:33:40.946","level":"info","event":"message","message":"Http server listening on port 80"}
{"timestamp":"2025-03-25 19:33:59.202","level":"info","event":"message","message":"@epicgames-ps/wilbur v2.1.3 starting..."}
{"timestamp":"2025-03-25 19:33:59.202","level":"info","event":"message","message":"Config:"}
{"timestamp":"2025-03-25 19:33:59.203","level":"info","event":"message","message":"\"log_folder\": \"logs\""}
{"timestamp":"2025-03-25 19:33:59.203","level":"info","event":"message","message":"\"log_level_console\": \"info\""}
{"timestamp":"2025-03-25 19:33:59.203","level":"info","event":"message","message":"\"log_level_file\": \"info\""}
{"timestamp":"2025-03-25 19:33:59.204","level":"info","event":"message","message":"\"streamer_port\": \"8888\""}
{"timestamp":"2025-03-25 19:33:59.204","level":"info","event":"message","message":"\"player_port\": \"80\""}
{"timestamp":"2025-03-25 19:33:59.205","level":"info","event":"message","message":"\"sfu_port\": \"8889\""}
{"timestamp":"2025-03-25 19:33:59.205","level":"info","event":"message","message":"\"max_players\": \"0\""}
{"timestamp":"2025-03-25 19:33:59.205","level":"info","event":"message","message":"\"serve\": \"true\""}
{"timestamp":"2025-03-25 19:33:59.206","level":"info","event":"message","message":"\"http_root\": \"www\""}
{"timestamp":"2025-03-25 19:33:59.206","level":"info","event":"message","message":"\"homepage\": \"player.html\""}
{"timestamp":"2025-03-25 19:33:59.206","level":"info","event":"message","message":"\"https\": \"false\""}
{"timestamp":"2025-03-25 19:33:59.206","level":"info","event":"message","message":"\"https_port\": \"443\""}
{"timestamp":"2025-03-25 19:33:59.206","level":"info","event":"message","message":"\"ssl_key_path\": \"certificates/client-key.pem\""}
{"timestamp":"2025-03-25 19:33:59.207","level":"info","event":"message","message":"\"ssl_cert_path\": \"certificates/client-cert.pem\""}
{"timestamp":"2025-03-25 19:33:59.207","level":"info","event":"message","message":"\"https_redirect\": \"true\""}
{"timestamp":"2025-03-25 19:33:59.208","level":"info","event":"message","message":"\"rest_api\": \"false\""}
{"timestamp":"2025-03-25 19:33:59.208","level":"info","event":"message","message":"\"peer_options\": \"\""}
{"timestamp":"2025-03-25 19:33:59.209","level":"info","event":"message","message":"\"log_config\": \"true\""}
{"timestamp":"2025-03-25 19:33:59.209","level":"info","event":"message","message":"\"stdin\": \"false\""}
{"timestamp":"2025-03-25 19:33:59.209","level":"info","event":"message","message":"\"save\": \"false\""}
{"timestamp":"2025-03-25 19:33:59.209","level":"info","event":"message","message":"\"console_messages\": \"verbose\""}
{"timestamp":"2025-03-25 19:33:59.214","level":"info","event":"message","message":"Listening for streamer connections on port 8888"}
{"timestamp":"2025-03-25 19:33:59.214","level":"info","event":"message","message":"Listening for SFU connections on port 8889"}
{"timestamp":"2025-03-25 19:33:59.215","level":"info","event":"message","message":"Http server listening on port 80"}
{"timestamp":"2025-03-25 19:34:03.634","level":"info","event":"message","message":"New player connection: ::ffff:127.0.0.1 (/)"}
{"timestamp":"2025-03-25 19:34:03.635","level":"info","event":"message","message":"Registered new player: Player0"}
{"timestamp":"2025-03-25 19:34:03.635","level":"info","event":"proto_message","direction":"outgoing","sender":"Player0","protoMessage":{"type":"config","peerConnectionOptions":{},"protocolVersion":"1.3.0"}}
{"timestamp":"2025-03-25 19:34:03.637","level":"info","event":"proto_message","direction":"incoming","receiver":"Player0","protoMessage":{"type":"listStreamers"}}
{"timestamp":"2025-03-25 19:34:03.637","level":"info","event":"proto_message","direction":"outgoing","sender":"Player0","protoMessage":{"type":"streamerList","ids":[]}}
{"timestamp":"2025-03-25 19:34:06.841","level":"info","event":"proto_message","direction":"incoming","receiver":"Player0","protoMessage":{"type":"listStreamers"}}
{"timestamp":"2025-03-25 19:34:06.841","level":"info","event":"proto_message","direction":"outgoing","sender":"Player0","protoMessage":{"type":"streamerList","ids":[]}}
{"timestamp":"2025-03-25 19:34:20.691","level":"info","event":"message","message":"@epicgames-ps/wilbur v2.1.3 starting..."}
{"timestamp":"2025-03-25 19:34:20.691","level":"info","event":"message","message":"Config:"}
{"timestamp":"2025-03-25 19:34:20.692","level":"info","event":"message","message":"\"log_folder\": \"logs\""}
{"timestamp":"2025-03-25 19:34:20.692","level":"info","event":"message","message":"\"log_level_console\": \"info\""}
{"timestamp":"2025-03-25 19:34:20.693","level":"info","event":"message","message":"\"log_level_file\": \"info\""}
{"timestamp":"2025-03-25 19:34:20.694","level":"info","event":"message","message":"\"streamer_port\": \"8888\""}
{"timestamp":"2025-03-25 19:34:20.694","level":"info","event":"message","message":"\"player_port\": \"80\""}
{"timestamp":"2025-03-25 19:34:20.694","level":"info","event":"message","message":"\"sfu_port\": \"8889\""}
{"timestamp":"2025-03-25 19:34:20.695","level":"info","event":"message","message":"\"max_players\": \"0\""}
{"timestamp":"2025-03-25 19:34:20.695","level":"info","event":"message","message":"\"serve\": \"true\""}
{"timestamp":"2025-03-25 19:34:20.695","level":"info","event":"message","message":"\"http_root\": \"www\""}
{"timestamp":"2025-03-25 19:34:20.696","level":"info","event":"message","message":"\"homepage\": \"player.html\""}
{"timestamp":"2025-03-25 19:34:20.696","level":"info","event":"message","message":"\"https\": \"false\""}
{"timestamp":"2025-03-25 19:34:20.696","level":"info","event":"message","message":"\"https_port\": \"443\""}
{"timestamp":"2025-03-25 19:34:20.696","level":"info","event":"message","message":"\"ssl_key_path\": \"certificates/client-key.pem\""}
{"timestamp":"2025-03-25 19:34:20.696","level":"info","event":"message","message":"\"ssl_cert_path\": \"certificates/client-cert.pem\""}
{"timestamp":"2025-03-25 19:34:20.697","level":"info","event":"message","message":"\"https_redirect\": \"true\""}
{"timestamp":"2025-03-25 19:34:20.697","level":"info","event":"message","message":"\"rest_api\": \"false\""}
{"timestamp":"2025-03-25 19:34:20.697","level":"info","event":"message","message":"\"peer_options\": \"\""}
{"timestamp":"2025-03-25 19:34:20.697","level":"info","event":"message","message":"\"log_config\": \"true\""}
{"timestamp":"2025-03-25 19:34:20.697","level":"info","event":"message","message":"\"stdin\": \"false\""}
{"timestamp":"2025-03-25 19:34:20.697","level":"info","event":"message","message":"\"save\": \"false\""}
{"timestamp":"2025-03-25 19:34:20.698","level":"info","event":"message","message":"\"console_messages\": \"verbose\""}
{"timestamp":"2025-03-25 19:34:20.702","level":"info","event":"message","message":"Listening for streamer connections on port 8888"}
{"timestamp":"2025-03-25 19:34:20.703","level":"info","event":"message","message":"Listening for SFU connections on port 8889"}
{"timestamp":"2025-03-25 19:34:20.704","level":"info","event":"message","message":"Http server listening on port 80"}
{"timestamp":"2025-03-25 19:34:24.818","level":"info","event":"message","message":"New player connection: ::ffff:127.0.0.1 (/)"}
{"timestamp":"2025-03-25 19:34:24.819","level":"info","event":"message","message":"Registered new player: Player0"}
{"timestamp":"2025-03-25 19:34:24.819","level":"info","event":"proto_message","direction":"outgoing","sender":"Player0","protoMessage":{"type":"config","peerConnectionOptions":{},"protocolVersion":"1.3.0"}}
{"timestamp":"2025-03-25 19:34:24.820","level":"info","event":"proto_message","direction":"incoming","receiver":"Player0","protoMessage":{"type":"listStreamers"}}
{"timestamp":"2025-03-25 19:34:24.821","level":"info","event":"proto_message","direction":"outgoing","sender":"Player0","protoMessage":{"type":"streamerList","ids":[]}}
{"timestamp":"2025-03-25 19:34:26.747","level":"info","event":"message","message":"Unregistered player: Player0"}
{"timestamp":"2025-03-25 19:34:26.747","level":"info","event":"message","message":"Player Player0 (::ffff:127.0.0.1) disconnected."}
{"timestamp":"2025-03-25 19:34:38.018","level":"info","event":"message","message":"@epicgames-ps/wilbur v2.1.3 starting..."}
{"timestamp":"2025-03-25 19:34:38.019","level":"info","event":"message","message":"Config:"}
{"timestamp":"2025-03-25 19:34:38.019","level":"info","event":"message","message":"\"log_folder\": \"logs\""}
{"timestamp":"2025-03-25 19:34:38.020","level":"info","event":"message","message":"\"log_level_console\": \"info\""}
{"timestamp":"2025-03-25 19:34:38.020","level":"info","event":"message","message":"\"log_level_file\": \"info\""}
{"timestamp":"2025-03-25 19:34:38.020","level":"info","event":"message","message":"\"streamer_port\": \"8888\""}
{"timestamp":"2025-03-25 19:34:38.020","level":"info","event":"message","message":"\"player_port\": \"80\""}
{"timestamp":"2025-03-25 19:34:38.021","level":"info","event":"message","message":"\"sfu_port\": \"8889\""}
{"timestamp":"2025-03-25 19:34:38.022","level":"info","event":"message","message":"\"max_players\": \"0\""}
{"timestamp":"2025-03-25 19:34:38.022","level":"info","event":"message","message":"\"serve\": \"true\""}
{"timestamp":"2025-03-25 19:34:38.022","level":"info","event":"message","message":"\"http_root\": \"www\""}
{"timestamp":"2025-03-25 19:34:38.022","level":"info","event":"message","message":"\"homepage\": \"player.html\""}
{"timestamp":"2025-03-25 19:34:38.023","level":"info","event":"message","message":"\"https\": \"false\""}
{"timestamp":"2025-03-25 19:34:38.023","level":"info","event":"message","message":"\"https_port\": \"443\""}
{"timestamp":"2025-03-25 19:34:38.023","level":"info","event":"message","message":"\"ssl_key_path\": \"certificates/client-key.pem\""}
{"timestamp":"2025-03-25 19:34:38.023","level":"info","event":"message","message":"\"ssl_cert_path\": \"certificates/client-cert.pem\""}
{"timestamp":"2025-03-25 19:34:38.024","level":"info","event":"message","message":"\"https_redirect\": \"true\""}
{"timestamp":"2025-03-25 19:34:38.024","level":"info","event":"message","message":"\"rest_api\": \"false\""}
{"timestamp":"2025-03-25 19:34:38.024","level":"info","event":"message","message":"\"peer_options\": \"\""}
{"timestamp":"2025-03-25 19:34:38.024","level":"info","event":"message","message":"\"log_config\": \"true\""}
{"timestamp":"2025-03-25 19:34:38.025","level":"info","event":"message","message":"\"stdin\": \"false\""}
{"timestamp":"2025-03-25 19:34:38.025","level":"info","event":"message","message":"\"save\": \"false\""}
{"timestamp":"2025-03-25 19:34:38.025","level":"info","event":"message","message":"\"console_messages\": \"verbose\""}
{"timestamp":"2025-03-25 19:34:38.029","level":"info","event":"message","message":"Listening for streamer connections on port 8888"}
{"timestamp":"2025-03-25 19:34:38.029","level":"info","event":"message","message":"Listening for SFU connections on port 8889"}
{"timestamp":"2025-03-25 19:34:38.030","level":"info","event":"message","message":"Http server listening on port 80"}
{"timestamp":"2025-03-25 19:34:51.678","level":"info","event":"message","message":"@epicgames-ps/wilbur v2.1.3 starting..."}
{"timestamp":"2025-03-25 19:34:51.678","level":"info","event":"message","message":"Config:"}
{"timestamp":"2025-03-25 19:34:51.679","level":"info","event":"message","message":"\"log_folder\": \"logs\""}
{"timestamp":"2025-03-25 19:34:51.679","level":"info","event":"message","message":"\"log_level_console\": \"info\""}
{"timestamp":"2025-03-25 19:34:51.679","level":"info","event":"message","message":"\"log_level_file\": \"info\""}
{"timestamp":"2025-03-25 19:34:51.679","level":"info","event":"message","message":"\"streamer_port\": \"8888\""}
{"timestamp":"2025-03-25 19:34:51.680","level":"info","event":"message","message":"\"player_port\": \"80\""}
{"timestamp":"2025-03-25 19:34:51.680","level":"info","event":"message","message":"\"sfu_port\": \"8889\""}
{"timestamp":"2025-03-25 19:34:51.680","level":"info","event":"message","message":"\"max_players\": \"0\""}
{"timestamp":"2025-03-25 19:34:51.680","level":"info","event":"message","message":"\"serve\": \"true\""}
{"timestamp":"2025-03-25 19:34:51.681","level":"info","event":"message","message":"\"http_root\": \"www\""}
{"timestamp":"2025-03-25 19:34:51.681","level":"info","event":"message","message":"\"homepage\": \"player.html\""}
{"timestamp":"2025-03-25 19:34:51.681","level":"info","event":"message","message":"\"https\": \"false\""}
{"timestamp":"2025-03-25 19:34:51.682","level":"info","event":"message","message":"\"https_port\": \"443\""}
{"timestamp":"2025-03-25 19:34:51.682","level":"info","event":"message","message":"\"ssl_key_path\": \"certificates/client-key.pem\""}
{"timestamp":"2025-03-25 19:34:51.682","level":"info","event":"message","message":"\"ssl_cert_path\": \"certificates/client-cert.pem\""}
{"timestamp":"2025-03-25 19:34:51.683","level":"info","event":"message","message":"\"https_redirect\": \"true\""}
{"timestamp":"2025-03-25 19:34:51.683","level":"info","event":"message","message":"\"rest_api\": \"false\""}
{"timestamp":"2025-03-25 19:34:51.683","level":"info","event":"message","message":"\"peer_options\": \"\""}
{"timestamp":"2025-03-25 19:34:51.684","level":"info","event":"message","message":"\"log_config\": \"true\""}
{"timestamp":"2025-03-25 19:34:51.684","level":"info","event":"message","message":"\"stdin\": \"false\""}
{"timestamp":"2025-03-25 19:34:51.684","level":"info","event":"message","message":"\"save\": \"false\""}
{"timestamp":"2025-03-25 19:34:51.684","level":"info","event":"message","message":"\"console_messages\": \"verbose\""}
{"timestamp":"2025-03-25 19:34:51.688","level":"info","event":"message","message":"Listening for streamer connections on port 8888"}
{"timestamp":"2025-03-25 19:34:51.689","level":"info","event":"message","message":"Listening for SFU connections on port 8889"}
{"timestamp":"2025-03-25 19:34:51.690","level":"info","event":"message","message":"Http server listening on port 80"}
{"timestamp":"2025-03-25 19:35:16.042","level":"info","event":"message","message":"@epicgames-ps/wilbur v2.1.3 starting..."}
{"timestamp":"2025-03-25 19:35:16.043","level":"info","event":"message","message":"Config:"}
{"timestamp":"2025-03-25 19:35:16.043","level":"info","event":"message","message":"\"log_folder\": \"logs\""}
{"timestamp":"2025-03-25 19:35:16.043","level":"info","event":"message","message":"\"log_level_console\": \"info\""}
{"timestamp":"2025-03-25 19:35:16.043","level":"info","event":"message","message":"\"log_level_file\": \"info\""}
{"timestamp":"2025-03-25 19:35:16.044","level":"info","event":"message","message":"\"streamer_port\": \"8888\""}
{"timestamp":"2025-03-25 19:35:16.044","level":"info","event":"message","message":"\"player_port\": \"80\""}
{"timestamp":"2025-03-25 19:35:16.044","level":"info","event":"message","message":"\"sfu_port\": \"8889\""}
{"timestamp":"2025-03-25 19:35:16.044","level":"info","event":"message","message":"\"max_players\": \"0\""}
{"timestamp":"2025-03-25 19:35:16.045","level":"info","event":"message","message":"\"serve\": \"true\""}
{"timestamp":"2025-03-25 19:35:16.045","level":"info","event":"message","message":"\"http_root\": \"D:\\PixelStreamingInfrastructure\\SignallingWebServer\\www\""}
{"timestamp":"2025-03-25 19:35:16.045","level":"info","event":"message","message":"\"homepage\": \"player.html\""}
{"timestamp":"2025-03-25 19:35:16.045","level":"info","event":"message","message":"\"https\": \"false\""}
{"timestamp":"2025-03-25 19:35:16.045","level":"info","event":"message","message":"\"https_port\": \"443\""}
{"timestamp":"2025-03-25 19:35:16.046","level":"info","event":"message","message":"\"ssl_key_path\": \"certificates/client-key.pem\""}
{"timestamp":"2025-03-25 19:35:16.046","level":"info","event":"message","message":"\"ssl_cert_path\": \"certificates/client-cert.pem\""}
{"timestamp":"2025-03-25 19:35:16.046","level":"info","event":"message","message":"\"https_redirect\": \"true\""}
{"timestamp":"2025-03-25 19:35:16.046","level":"info","event":"message","message":"\"rest_api\": \"false\""}
{"timestamp":"2025-03-25 19:35:16.046","level":"info","event":"message","message":"\"peer_options\": \"\""}
{"timestamp":"2025-03-25 19:35:16.047","level":"info","event":"message","message":"\"log_config\": \"true\""}
{"timestamp":"2025-03-25 19:35:16.047","level":"info","event":"message","message":"\"stdin\": \"false\""}
{"timestamp":"2025-03-25 19:35:16.047","level":"info","event":"message","message":"\"save\": \"false\""}
{"timestamp":"2025-03-25 19:35:16.047","level":"info","event":"message","message":"\"console_messages\": \"verbose\""}
{"timestamp":"2025-03-25 19:35:16.051","level":"info","event":"message","message":"Listening for streamer connections on port 8888"}
{"timestamp":"2025-03-25 19:35:16.051","level":"info","event":"message","message":"Listening for SFU connections on port 8889"}
{"timestamp":"2025-03-25 19:35:16.052","level":"info","event":"message","message":"Http server listening on port 80"}
{"timestamp":"2025-03-25 19:35:18.834","level":"error","event":"message","message":"Unable to locate file player.html"}
{"timestamp":"2025-03-25 19:35:19.001","level":"error","event":"message","message":"Unable to locate file player.html"}
{"timestamp":"2025-03-25 19:35:36.959","level":"info","event":"message","message":"@epicgames-ps/wilbur v2.1.3 starting..."}
{"timestamp":"2025-03-25 19:35:36.959","level":"info","event":"message","message":"Config:"}
{"timestamp":"2025-03-25 19:35:36.960","level":"info","event":"message","message":"\"log_folder\": \"logs\""}
{"timestamp":"2025-03-25 19:35:36.960","level":"info","event":"message","message":"\"log_level_console\": \"info\""}
{"timestamp":"2025-03-25 19:35:36.960","level":"info","event":"message","message":"\"log_level_file\": \"info\""}
{"timestamp":"2025-03-25 19:35:36.960","level":"info","event":"message","message":"\"streamer_port\": \"8888\""}
{"timestamp":"2025-03-25 19:35:36.961","level":"info","event":"message","message":"\"player_port\": \"80\""}
{"timestamp":"2025-03-25 19:35:36.961","level":"info","event":"message","message":"\"sfu_port\": \"8889\""}
{"timestamp":"2025-03-25 19:35:36.961","level":"info","event":"message","message":"\"max_players\": \"0\""}
{"timestamp":"2025-03-25 19:35:36.961","level":"info","event":"message","message":"\"serve\": \"true\""}
{"timestamp":"2025-03-25 19:35:36.962","level":"info","event":"message","message":"\"http_root\": \"www\""}
{"timestamp":"2025-03-25 19:35:36.962","level":"info","event":"message","message":"\"homepage\": \"player.html\""}
{"timestamp":"2025-03-25 19:35:36.962","level":"info","event":"message","message":"\"https\": \"false\""}
{"timestamp":"2025-03-25 19:35:36.962","level":"info","event":"message","message":"\"https_port\": \"443\""}
{"timestamp":"2025-03-25 19:35:36.963","level":"info","event":"message","message":"\"ssl_key_path\": \"certificates/client-key.pem\""}
{"timestamp":"2025-03-25 19:35:36.963","level":"info","event":"message","message":"\"ssl_cert_path\": \"certificates/client-cert.pem\""}
{"timestamp":"2025-03-25 19:35:36.963","level":"info","event":"message","message":"\"https_redirect\": \"true\""}
{"timestamp":"2025-03-25 19:35:36.963","level":"info","event":"message","message":"\"rest_api\": \"false\""}
{"timestamp":"2025-03-25 19:35:36.964","level":"info","event":"message","message":"\"peer_options\": \"\""}
{"timestamp":"2025-03-25 19:35:36.964","level":"info","event":"message","message":"\"log_config\": \"true\""}
{"timestamp":"2025-03-25 19:35:36.964","level":"info","event":"message","message":"\"stdin\": \"false\""}
{"timestamp":"2025-03-25 19:35:36.964","level":"info","event":"message","message":"\"save\": \"false\""}
{"timestamp":"2025-03-25 19:35:36.964","level":"info","event":"message","message":"\"console_messages\": \"verbose\""}
{"timestamp":"2025-03-25 19:35:36.969","level":"info","event":"message","message":"Listening for streamer connections on port 8888"}
{"timestamp":"2025-03-25 19:35:36.970","level":"info","event":"message","message":"Listening for SFU connections on port 8889"}
{"timestamp":"2025-03-25 19:35:36.971","level":"info","event":"message","message":"Http server listening on port 80"}
{"timestamp":"2025-03-25 19:35:40.735","level":"info","event":"message","message":"New player connection: ::ffff:127.0.0.1 (/)"}
{"timestamp":"2025-03-25 19:35:40.736","level":"info","event":"message","message":"Registered new player: Player0"}
{"timestamp":"2025-03-25 19:35:40.737","level":"info","event":"proto_message","direction":"outgoing","sender":"Player0","protoMessage":{"type":"config","peerConnectionOptions":{},"protocolVersion":"1.3.0"}}
{"timestamp":"2025-03-25 19:35:40.738","level":"info","event":"proto_message","direction":"incoming","receiver":"Player0","protoMessage":{"type":"listStreamers"}}
{"timestamp":"2025-03-25 19:35:40.738","level":"info","event":"proto_message","direction":"outgoing","sender":"Player0","protoMessage":{"type":"streamerList","ids":[]}}
{"timestamp":"2025-03-25 19:35:43.849","level":"info","event":"proto_message","direction":"incoming","receiver":"Player0","protoMessage":{"type":"listStreamers"}}
{"timestamp":"2025-03-25 19:35:43.849","level":"info","event":"proto_message","direction":"outgoing","sender":"Player0","protoMessage":{"type":"streamerList","ids":[]}}
{"timestamp":"2025-03-25 19:52:46.798","level":"info","event":"message","message":"@epicgames-ps/wilbur v2.1.3 starting..."}
{"timestamp":"2025-03-25 19:52:46.799","level":"info","event":"message","message":"Config:"}
{"timestamp":"2025-03-25 19:52:46.799","level":"info","event":"message","message":"\"log_folder\": \"logs\""}
{"timestamp":"2025-03-25 19:52:46.799","level":"info","event":"message","message":"\"log_level_console\": \"info\""}
{"timestamp":"2025-03-25 19:52:46.799","level":"info","event":"message","message":"\"log_level_file\": \"info\""}
{"timestamp":"2025-03-25 19:52:46.800","level":"info","event":"message","message":"\"streamer_port\": \"8888\""}
{"timestamp":"2025-03-25 19:52:46.800","level":"info","event":"message","message":"\"player_port\": \"80\""}
{"timestamp":"2025-03-25 19:52:46.800","level":"info","event":"message","message":"\"sfu_port\": \"8889\""}
{"timestamp":"2025-03-25 19:52:46.800","level":"info","event":"message","message":"\"max_players\": \"0\""}
{"timestamp":"2025-03-25 19:52:46.801","level":"info","event":"message","message":"\"serve\": \"true\""}
{"timestamp":"2025-03-25 19:52:46.801","level":"info","event":"message","message":"\"http_root\": \"D:\\PixelStreamingInfrastructure\\SignallingWebServer\\www\""}
{"timestamp":"2025-03-25 19:52:46.801","level":"info","event":"message","message":"\"homepage\": \"player.html\""}
{"timestamp":"2025-03-25 19:52:46.801","level":"info","event":"message","message":"\"https\": \"false\""}
{"timestamp":"2025-03-25 19:52:46.802","level":"info","event":"message","message":"\"https_port\": \"443\""}
{"timestamp":"2025-03-25 19:52:46.802","level":"info","event":"message","message":"\"ssl_key_path\": \"certificates/client-key.pem\""}
{"timestamp":"2025-03-25 19:52:46.802","level":"info","event":"message","message":"\"ssl_cert_path\": \"certificates/client-cert.pem\""}
{"timestamp":"2025-03-25 19:52:46.802","level":"info","event":"message","message":"\"https_redirect\": \"true\""}
{"timestamp":"2025-03-25 19:52:46.802","level":"info","event":"message","message":"\"rest_api\": \"false\""}
{"timestamp":"2025-03-25 19:52:46.803","level":"info","event":"message","message":"\"peer_options\": \"\""}
{"timestamp":"2025-03-25 19:52:46.803","level":"info","event":"message","message":"\"log_config\": \"true\""}
{"timestamp":"2025-03-25 19:52:46.803","level":"info","event":"message","message":"\"stdin\": \"false\""}
{"timestamp":"2025-03-25 19:52:46.803","level":"info","event":"message","message":"\"save\": \"false\""}
{"timestamp":"2025-03-25 19:52:46.803","level":"info","event":"message","message":"\"console_messages\": \"verbose\""}
{"timestamp":"2025-03-25 19:52:46.807","level":"info","event":"message","message":"Listening for streamer connections on port 8888"}
{"timestamp":"2025-03-25 19:52:46.808","level":"info","event":"message","message":"Listening for SFU connections on port 8889"}
{"timestamp":"2025-03-25 19:52:46.809","level":"info","event":"message","message":"Http server listening on port 80"}
{"timestamp":"2025-03-25 19:52:52.060","level":"error","event":"message","message":"Unable to locate file player.html"}
{"timestamp":"2025-03-25 19:52:52.236","level":"error","event":"message","message":"Unable to locate file player.html"}
{"timestamp":"2025-03-25 19:52:54.734","level":"error","event":"message","message":"Unable to locate file player.html"}
{"timestamp":"2025-03-25 19:53:30.880","level":"info","event":"message","message":"@epicgames-ps/wilbur v2.1.3 starting..."}
{"timestamp":"2025-03-25 19:53:30.881","level":"info","event":"message","message":"Config:"}
{"timestamp":"2025-03-25 19:53:30.881","level":"info","event":"message","message":"\"log_folder\": \"logs\""}
{"timestamp":"2025-03-25 19:53:30.882","level":"info","event":"message","message":"\"log_level_console\": \"info\""}
{"timestamp":"2025-03-25 19:53:30.882","level":"info","event":"message","message":"\"log_level_file\": \"info\""}
{"timestamp":"2025-03-25 19:53:30.882","level":"info","event":"message","message":"\"streamer_port\": \"8888\""}
{"timestamp":"2025-03-25 19:53:30.882","level":"info","event":"message","message":"\"player_port\": \"80\""}
{"timestamp":"2025-03-25 19:53:30.883","level":"info","event":"message","message":"\"sfu_port\": \"8889\""}
{"timestamp":"2025-03-25 19:53:30.883","level":"info","event":"message","message":"\"max_players\": \"0\""}
{"timestamp":"2025-03-25 19:53:30.883","level":"info","event":"message","message":"\"serve\": \"true\""}
{"timestamp":"2025-03-25 19:53:30.883","level":"info","event":"message","message":"\"http_root\": \"D:\\PixelStreamingInfrastructure\\SignallingWebServer\\www\""}
{"timestamp":"2025-03-25 19:53:30.884","level":"info","event":"message","message":"\"homepage\": \"player.html\""}
{"timestamp":"2025-03-25 19:53:30.884","level":"info","event":"message","message":"\"https\": \"false\""}
{"timestamp":"2025-03-25 19:53:30.884","level":"info","event":"message","message":"\"https_port\": \"443\""}
{"timestamp":"2025-03-25 19:53:30.884","level":"info","event":"message","message":"\"ssl_key_path\": \"certificates/client-key.pem\""}
{"timestamp":"2025-03-25 19:53:30.884","level":"info","event":"message","message":"\"ssl_cert_path\": \"certificates/client-cert.pem\""}
{"timestamp":"2025-03-25 19:53:30.885","level":"info","event":"message","message":"\"https_redirect\": \"true\""}
{"timestamp":"2025-03-25 19:53:30.885","level":"info","event":"message","message":"\"rest_api\": \"false\""}
{"timestamp":"2025-03-25 19:53:30.885","level":"info","event":"message","message":"\"peer_options\": \"\""}
{"timestamp":"2025-03-25 19:53:30.885","level":"info","event":"message","message":"\"log_config\": \"true\""}
{"timestamp":"2025-03-25 19:53:30.885","level":"info","event":"message","message":"\"stdin\": \"false\""}
{"timestamp":"2025-03-25 19:53:30.885","level":"info","event":"message","message":"\"save\": \"false\""}
{"timestamp":"2025-03-25 19:53:30.885","level":"info","event":"message","message":"\"console_messages\": \"verbose\""}
{"timestamp":"2025-03-25 19:53:30.889","level":"info","event":"message","message":"Listening for streamer connections on port 8888"}
{"timestamp":"2025-03-25 19:53:30.890","level":"info","event":"message","message":"Listening for SFU connections on port 8889"}
{"timestamp":"2025-03-25 19:53:30.891","level":"info","event":"message","message":"Http server listening on port 80"}
{"timestamp":"2025-03-25 19:53:33.637","level":"error","event":"message","message":"Unable to locate file player.html"}
{"timestamp":"2025-03-25 19:53:35.361","level":"error","event":"message","message":"Unable to locate file player.html"}
{"timestamp":"2025-03-25 19:53:35.531","level":"error","event":"message","message":"Unable to locate file player.html"}
{"timestamp":"2025-03-25 19:56:15.524","level":"info","event":"message","message":"@epicgames-ps/wilbur v2.1.3 starting..."}
{"timestamp":"2025-03-25 19:56:15.524","level":"info","event":"message","message":"Config:"}
{"timestamp":"2025-03-25 19:56:15.525","level":"info","event":"message","message":"\"log_folder\": \"logs\""}
{"timestamp":"2025-03-25 19:56:15.525","level":"info","event":"message","message":"\"log_level_console\": \"info\""}
{"timestamp":"2025-03-25 19:56:15.525","level":"info","event":"message","message":"\"log_level_file\": \"info\""}
{"timestamp":"2025-03-25 19:56:15.525","level":"info","event":"message","message":"\"streamer_port\": \"8888\""}
{"timestamp":"2025-03-25 19:56:15.525","level":"info","event":"message","message":"\"player_port\": \"80\""}
{"timestamp":"2025-03-25 19:56:15.526","level":"info","event":"message","message":"\"sfu_port\": \"8889\""}
{"timestamp":"2025-03-25 19:56:15.526","level":"info","event":"message","message":"\"max_players\": \"0\""}
{"timestamp":"2025-03-25 19:56:15.526","level":"info","event":"message","message":"\"serve\": \"true\""}
{"timestamp":"2025-03-25 19:56:15.527","level":"info","event":"message","message":"\"http_root\": \"D:\\PixelStreamingInfrastructure\\SignallingWebServer\\www\""}
{"timestamp":"2025-03-25 19:56:15.527","level":"info","event":"message","message":"\"homepage\": \"player.html\""}
{"timestamp":"2025-03-25 19:56:15.527","level":"info","event":"message","message":"\"https\": \"false\""}
{"timestamp":"2025-03-25 19:56:15.527","level":"info","event":"message","message":"\"https_port\": \"443\""}
{"timestamp":"2025-03-25 19:56:15.527","level":"info","event":"message","message":"\"ssl_key_path\": \"certificates/client-key.pem\""}
{"timestamp":"2025-03-25 19:56:15.528","level":"info","event":"message","message":"\"ssl_cert_path\": \"certificates/client-cert.pem\""}
{"timestamp":"2025-03-25 19:56:15.528","level":"info","event":"message","message":"\"https_redirect\": \"true\""}
{"timestamp":"2025-03-25 19:56:15.528","level":"info","event":"message","message":"\"rest_api\": \"false\""}
{"timestamp":"2025-03-25 19:56:15.528","level":"info","event":"message","message":"\"peer_options\": \"\""}
{"timestamp":"2025-03-25 19:56:15.528","level":"info","event":"message","message":"\"log_config\": \"true\""}
{"timestamp":"2025-03-25 19:56:15.528","level":"info","event":"message","message":"\"stdin\": \"false\""}
{"timestamp":"2025-03-25 19:56:15.529","level":"info","event":"message","message":"\"save\": \"false\""}
{"timestamp":"2025-03-25 19:56:15.529","level":"info","event":"message","message":"\"console_messages\": \"verbose\""}
{"timestamp":"2025-03-25 19:56:15.533","level":"info","event":"message","message":"Listening for streamer connections on port 8888"}
{"timestamp":"2025-03-25 19:56:15.533","level":"info","event":"message","message":"Listening for SFU connections on port 8889"}
{"timestamp":"2025-03-25 19:56:15.534","level":"info","event":"message","message":"Http server listening on port 80"}
{"timestamp":"2025-03-25 19:56:24.387","level":"error","event":"message","message":"Unable to locate file player.html"}
{"timestamp":"2025-03-25 19:56:26.710","level":"error","event":"message","message":"Unable to locate file player.html"}
{"timestamp":"2025-03-25 19:56:59.433","level":"info","event":"message","message":"@epicgames-ps/wilbur v2.1.3 starting..."}
{"timestamp":"2025-03-25 19:56:59.434","level":"info","event":"message","message":"Config:"}
{"timestamp":"2025-03-25 19:56:59.434","level":"info","event":"message","message":"\"log_folder\": \"logs\""}
{"timestamp":"2025-03-25 19:56:59.434","level":"info","event":"message","message":"\"log_level_console\": \"info\""}
{"timestamp":"2025-03-25 19:56:59.435","level":"info","event":"message","message":"\"log_level_file\": \"info\""}
{"timestamp":"2025-03-25 19:56:59.435","level":"info","event":"message","message":"\"streamer_port\": \"8888\""}
{"timestamp":"2025-03-25 19:56:59.435","level":"info","event":"message","message":"\"player_port\": \"80\""}
{"timestamp":"2025-03-25 19:56:59.435","level":"info","event":"message","message":"\"sfu_port\": \"8889\""}
{"timestamp":"2025-03-25 19:56:59.436","level":"info","event":"message","message":"\"max_players\": \"0\""}
{"timestamp":"2025-03-25 19:56:59.436","level":"info","event":"message","message":"\"serve\": \"true\""}
{"timestamp":"2025-03-25 19:56:59.436","level":"info","event":"message","message":"\"http_root\": \"D:\\PixelStreamingInfrastructure\\SignallingWebServer\\www\""}
{"timestamp":"2025-03-25 19:56:59.437","level":"info","event":"message","message":"\"homepage\": \"player.html\""}
{"timestamp":"2025-03-25 19:56:59.437","level":"info","event":"message","message":"\"https\": \"false\""}
{"timestamp":"2025-03-25 19:56:59.437","level":"info","event":"message","message":"\"https_port\": \"443\""}
{"timestamp":"2025-03-25 19:56:59.437","level":"info","event":"message","message":"\"ssl_key_path\": \"certificates/client-key.pem\""}
{"timestamp":"2025-03-25 19:56:59.438","level":"info","event":"message","message":"\"ssl_cert_path\": \"certificates/client-cert.pem\""}
{"timestamp":"2025-03-25 19:56:59.438","level":"info","event":"message","message":"\"https_redirect\": \"true\""}
{"timestamp":"2025-03-25 19:56:59.438","level":"info","event":"message","message":"\"rest_api\": \"false\""}
{"timestamp":"2025-03-25 19:56:59.438","level":"info","event":"message","message":"\"peer_options\": \"\""}
{"timestamp":"2025-03-25 19:56:59.438","level":"info","event":"message","message":"\"log_config\": \"true\""}
{"timestamp":"2025-03-25 19:56:59.438","level":"info","event":"message","message":"\"stdin\": \"false\""}
{"timestamp":"2025-03-25 19:56:59.438","level":"info","event":"message","message":"\"save\": \"false\""}
{"timestamp":"2025-03-25 19:56:59.439","level":"info","event":"message","message":"\"console_messages\": \"verbose\""}
{"timestamp":"2025-03-25 19:56:59.443","level":"info","event":"message","message":"Listening for streamer connections on port 8888"}
{"timestamp":"2025-03-25 19:56:59.443","level":"info","event":"message","message":"Listening for SFU connections on port 8889"}
{"timestamp":"2025-03-25 19:56:59.444","level":"info","event":"message","message":"Http server listening on port 80"}
{"timestamp":"2025-03-25 19:57:02.056","level":"error","event":"message","message":"Unable to locate file player.html"}
{"timestamp":"2025-03-25 19:57:02.741","level":"error","event":"message","message":"Unable to locate file player.html"}
{"timestamp":"2025-03-25 19:57:03.142","level":"error","event":"message","message":"Unable to locate file player.html"}
{"timestamp":"2025-03-25 19:57:03.518","level":"error","event":"message","message":"Unable to locate file player.html"}
{"timestamp":"2025-03-25 19:57:14.342","level":"info","event":"message","message":"@epicgames-ps/wilbur v2.1.3 starting..."}
{"timestamp":"2025-03-25 19:57:14.342","level":"info","event":"message","message":"Config:"}
{"timestamp":"2025-03-25 19:57:14.343","level":"info","event":"message","message":"\"log_folder\": \"logs\""}
{"timestamp":"2025-03-25 19:57:14.343","level":"info","event":"message","message":"\"log_level_console\": \"info\""}
{"timestamp":"2025-03-25 19:57:14.343","level":"info","event":"message","message":"\"log_level_file\": \"info\""}
{"timestamp":"2025-03-25 19:57:14.343","level":"info","event":"message","message":"\"streamer_port\": \"8888\""}
{"timestamp":"2025-03-25 19:57:14.344","level":"info","event":"message","message":"\"player_port\": \"80\""}
{"timestamp":"2025-03-25 19:57:14.344","level":"info","event":"message","message":"\"sfu_port\": \"8889\""}
{"timestamp":"2025-03-25 19:57:14.344","level":"info","event":"message","message":"\"max_players\": \"0\""}
{"timestamp":"2025-03-25 19:57:14.345","level":"info","event":"message","message":"\"serve\": \"true\""}
{"timestamp":"2025-03-25 19:57:14.345","level":"info","event":"message","message":"\"http_root\": \"www\""}
{"timestamp":"2025-03-25 19:57:14.346","level":"info","event":"message","message":"\"homepage\": \"player.html\""}
{"timestamp":"2025-03-25 19:57:14.347","level":"info","event":"message","message":"\"https\": \"false\""}
{"timestamp":"2025-03-25 19:57:14.347","level":"info","event":"message","message":"\"https_port\": \"443\""}
{"timestamp":"2025-03-25 19:57:14.347","level":"info","event":"message","message":"\"ssl_key_path\": \"certificates/client-key.pem\""}
{"timestamp":"2025-03-25 19:57:14.347","level":"info","event":"message","message":"\"ssl_cert_path\": \"certificates/client-cert.pem\""}
{"timestamp":"2025-03-25 19:57:14.348","level":"info","event":"message","message":"\"https_redirect\": \"true\""}
{"timestamp":"2025-03-25 19:57:14.348","level":"info","event":"message","message":"\"rest_api\": \"false\""}
{"timestamp":"2025-03-25 19:57:14.348","level":"info","event":"message","message":"\"peer_options\": \"\""}
{"timestamp":"2025-03-25 19:57:14.348","level":"info","event":"message","message":"\"log_config\": \"true\""}
{"timestamp":"2025-03-25 19:57:14.348","level":"info","event":"message","message":"\"stdin\": \"false\""}
{"timestamp":"2025-03-25 19:57:14.349","level":"info","event":"message","message":"\"save\": \"false\""}
{"timestamp":"2025-03-25 19:57:14.349","level":"info","event":"message","message":"\"console_messages\": \"verbose\""}
{"timestamp":"2025-03-25 19:57:14.353","level":"info","event":"message","message":"Listening for streamer connections on port 8888"}
{"timestamp":"2025-03-25 19:57:14.353","level":"info","event":"message","message":"Listening for SFU connections on port 8889"}
{"timestamp":"2025-03-25 19:57:14.355","level":"info","event":"message","message":"Http server listening on port 80"}
{"timestamp":"2025-03-25 19:58:13.537","level":"info","event":"message","message":"@epicgames-ps/wilbur v2.1.3 starting..."}
{"timestamp":"2025-03-25 19:58:13.538","level":"info","event":"message","message":"Config:"}
{"timestamp":"2025-03-25 19:58:13.538","level":"info","event":"message","message":"\"log_folder\": \"logs\""}
{"timestamp":"2025-03-25 19:58:13.538","level":"info","event":"message","message":"\"log_level_console\": \"info\""}
{"timestamp":"2025-03-25 19:58:13.539","level":"info","event":"message","message":"\"log_level_file\": \"info\""}
{"timestamp":"2025-03-25 19:58:13.539","level":"info","event":"message","message":"\"streamer_port\": \"8888\""}
{"timestamp":"2025-03-25 19:58:13.540","level":"info","event":"message","message":"\"player_port\": \"80\""}
{"timestamp":"2025-03-25 19:58:13.540","level":"info","event":"message","message":"\"sfu_port\": \"8889\""}
{"timestamp":"2025-03-25 19:58:13.540","level":"info","event":"message","message":"\"max_players\": \"0\""}
{"timestamp":"2025-03-25 19:58:13.540","level":"info","event":"message","message":"\"serve\": \"true\""}
{"timestamp":"2025-03-25 19:58:13.541","level":"info","event":"message","message":"\"http_root\": \"www\""}
{"timestamp":"2025-03-25 19:58:13.541","level":"info","event":"message","message":"\"homepage\": \"player.html\""}
{"timestamp":"2025-03-25 19:58:13.541","level":"info","event":"message","message":"\"https\": \"false\""}
{"timestamp":"2025-03-25 19:58:13.541","level":"info","event":"message","message":"\"https_port\": \"443\""}
{"timestamp":"2025-03-25 19:58:13.541","level":"info","event":"message","message":"\"ssl_key_path\": \"certificates/client-key.pem\""}
{"timestamp":"2025-03-25 19:58:13.542","level":"info","event":"message","message":"\"ssl_cert_path\": \"certificates/client-cert.pem\""}
{"timestamp":"2025-03-25 19:58:13.542","level":"info","event":"message","message":"\"https_redirect\": \"true\""}
{"timestamp":"2025-03-25 19:58:13.542","level":"info","event":"message","message":"\"rest_api\": \"false\""}
{"timestamp":"2025-03-25 19:58:13.542","level":"info","event":"message","message":"\"peer_options\": \"\""}
{"timestamp":"2025-03-25 19:58:13.542","level":"info","event":"message","message":"\"log_config\": \"true\""}
{"timestamp":"2025-03-25 19:58:13.543","level":"info","event":"message","message":"\"stdin\": \"false\""}
{"timestamp":"2025-03-25 19:58:13.543","level":"info","event":"message","message":"\"save\": \"false\""}
{"timestamp":"2025-03-25 19:58:13.543","level":"info","event":"message","message":"\"console_messages\": \"verbose\""}
{"timestamp":"2025-03-25 19:58:13.547","level":"info","event":"message","message":"Listening for streamer connections on port 8888"}
{"timestamp":"2025-03-25 19:58:13.547","level":"info","event":"message","message":"Listening for SFU connections on port 8889"}
{"timestamp":"2025-03-25 19:58:13.549","level":"info","event":"message","message":"Http server listening on port 80"}
{"timestamp":"2025-03-25 19:58:18.107","level":"info","event":"message","message":"New player connection: ::ffff:127.0.0.1 (/)"}
{"timestamp":"2025-03-25 19:58:18.108","level":"info","event":"message","message":"Registered new player: Player0"}
{"timestamp":"2025-03-25 19:58:18.108","level":"info","event":"proto_message","direction":"outgoing","sender":"Player0","protoMessage":{"type":"config","peerConnectionOptions":{},"protocolVersion":"1.3.0"}}
{"timestamp":"2025-03-25 19:58:18.110","level":"info","event":"proto_message","direction":"incoming","receiver":"Player0","protoMessage":{"type":"listStreamers"}}
{"timestamp":"2025-03-25 19:58:18.110","level":"info","event":"proto_message","direction":"outgoing","sender":"Player0","protoMessage":{"type":"streamerList","ids":[]}}
{"timestamp":"2025-03-25 20:00:25.665","level":"info","event":"message","message":"@epicgames-ps/wilbur v2.1.3 starting..."}
{"timestamp":"2025-03-25 20:00:25.666","level":"info","event":"message","message":"Config:"}
{"timestamp":"2025-03-25 20:00:25.666","level":"info","event":"message","message":"\"log_folder\": \"logs\""}
{"timestamp":"2025-03-25 20:00:25.667","level":"info","event":"message","message":"\"log_level_console\": \"info\""}
{"timestamp":"2025-03-25 20:00:25.667","level":"info","event":"message","message":"\"log_level_file\": \"info\""}
{"timestamp":"2025-03-25 20:00:25.667","level":"info","event":"message","message":"\"streamer_port\": \"8888\""}
{"timestamp":"2025-03-25 20:00:25.667","level":"info","event":"message","message":"\"player_port\": \"80\""}
{"timestamp":"2025-03-25 20:00:25.667","level":"info","event":"message","message":"\"sfu_port\": \"8889\""}
{"timestamp":"2025-03-25 20:00:25.668","level":"info","event":"message","message":"\"max_players\": \"0\""}
{"timestamp":"2025-03-25 20:00:25.668","level":"info","event":"message","message":"\"serve\": \"true\""}
{"timestamp":"2025-03-25 20:00:25.668","level":"info","event":"message","message":"\"http_root\": \"www\""}
{"timestamp":"2025-03-25 20:00:25.669","level":"info","event":"message","message":"\"homepage\": \"player.html\""}
{"timestamp":"2025-03-25 20:00:25.669","level":"info","event":"message","message":"\"https\": \"false\""}
{"timestamp":"2025-03-25 20:00:25.669","level":"info","event":"message","message":"\"https_port\": \"443\""}
{"timestamp":"2025-03-25 20:00:25.670","level":"info","event":"message","message":"\"ssl_key_path\": \"certificates/client-key.pem\""}
{"timestamp":"2025-03-25 20:00:25.670","level":"info","event":"message","message":"\"ssl_cert_path\": \"certificates/client-cert.pem\""}
{"timestamp":"2025-03-25 20:00:25.670","level":"info","event":"message","message":"\"https_redirect\": \"true\""}
{"timestamp":"2025-03-25 20:00:25.670","level":"info","event":"message","message":"\"rest_api\": \"false\""}
{"timestamp":"2025-03-25 20:00:25.671","level":"info","event":"message","message":"\"peer_options\": \"\""}
{"timestamp":"2025-03-25 20:00:25.671","level":"info","event":"message","message":"\"log_config\": \"true\""}
{"timestamp":"2025-03-25 20:00:25.671","level":"info","event":"message","message":"\"stdin\": \"false\""}
{"timestamp":"2025-03-25 20:00:25.671","level":"info","event":"message","message":"\"save\": \"false\""}
{"timestamp":"2025-03-25 20:00:25.672","level":"info","event":"message","message":"\"console_messages\": \"verbose\""}
{"timestamp":"2025-03-25 20:00:25.676","level":"info","event":"message","message":"Listening for streamer connections on port 8888"}
{"timestamp":"2025-03-25 20:00:25.677","level":"info","event":"message","message":"Listening for SFU connections on port 8889"}
{"timestamp":"2025-03-25 20:00:25.678","level":"info","event":"message","message":"Http server listening on port 80"}
{"timestamp":"2025-03-25 20:00:32.110","level":"info","event":"message","message":"New player connection: ::ffff:127.0.0.1 (/)"}
{"timestamp":"2025-03-25 20:00:32.111","level":"info","event":"message","message":"Registered new player: Player0"}
{"timestamp":"2025-03-25 20:00:32.111","level":"info","event":"proto_message","direction":"outgoing","sender":"Player0","protoMessage":{"type":"config","peerConnectionOptions":{},"protocolVersion":"1.3.0"}}
{"timestamp":"2025-03-25 20:00:32.113","level":"info","event":"proto_message","direction":"incoming","receiver":"Player0","protoMessage":{"type":"listStreamers"}}
{"timestamp":"2025-03-25 20:00:32.113","level":"info","event":"proto_message","direction":"outgoing","sender":"Player0","protoMessage":{"type":"streamerList","ids":[]}}
{"timestamp":"2025-03-25 20:01:39.398","level":"info","event":"message","message":"@epicgames-ps/wilbur v2.1.3 starting..."}
{"timestamp":"2025-03-25 20:01:39.398","level":"info","event":"message","message":"Config:"}
{"timestamp":"2025-03-25 20:01:39.399","level":"info","event":"message","message":"\"log_folder\": \"logs\""}
{"timestamp":"2025-03-25 20:01:39.399","level":"info","event":"message","message":"\"log_level_console\": \"info\""}
{"timestamp":"2025-03-25 20:01:39.399","level":"info","event":"message","message":"\"log_level_file\": \"info\""}
{"timestamp":"2025-03-25 20:01:39.399","level":"info","event":"message","message":"\"streamer_port\": \"8888\""}
{"timestamp":"2025-03-25 20:01:39.399","level":"info","event":"message","message":"\"player_port\": \"80\""}
{"timestamp":"2025-03-25 20:01:39.400","level":"info","event":"message","message":"\"sfu_port\": \"8889\""}
{"timestamp":"2025-03-25 20:01:39.400","level":"info","event":"message","message":"\"max_players\": \"0\""}
{"timestamp":"2025-03-25 20:01:39.400","level":"info","event":"message","message":"\"serve\": \"true\""}
{"timestamp":"2025-03-25 20:01:39.400","level":"info","event":"message","message":"\"http_root\": \"www_react\""}
{"timestamp":"2025-03-25 20:01:39.400","level":"info","event":"message","message":"\"homepage\": \"index.html\""}
{"timestamp":"2025-03-25 20:01:39.400","level":"info","event":"message","message":"\"https\": \"false\""}
{"timestamp":"2025-03-25 20:01:39.401","level":"info","event":"message","message":"\"https_port\": \"443\""}
{"timestamp":"2025-03-25 20:01:39.401","level":"info","event":"message","message":"\"ssl_key_path\": \"certificates/client-key.pem\""}
{"timestamp":"2025-03-25 20:01:39.401","level":"info","event":"message","message":"\"ssl_cert_path\": \"certificates/client-cert.pem\""}
{"timestamp":"2025-03-25 20:01:39.401","level":"info","event":"message","message":"\"https_redirect\": \"true\""}
{"timestamp":"2025-03-25 20:01:39.401","level":"info","event":"message","message":"\"rest_api\": \"false\""}
{"timestamp":"2025-03-25 20:01:39.401","level":"info","event":"message","message":"\"peer_options\": \"\""}
{"timestamp":"2025-03-25 20:01:39.402","level":"info","event":"message","message":"\"log_config\": \"true\""}
{"timestamp":"2025-03-25 20:01:39.402","level":"info","event":"message","message":"\"stdin\": \"false\""}
{"timestamp":"2025-03-25 20:01:39.402","level":"info","event":"message","message":"\"save\": \"false\""}
{"timestamp":"2025-03-25 20:01:39.402","level":"info","event":"message","message":"\"console_messages\": \"verbose\""}
{"timestamp":"2025-03-25 20:01:39.406","level":"info","event":"message","message":"Listening for streamer connections on port 8888"}
{"timestamp":"2025-03-25 20:01:39.406","level":"info","event":"message","message":"Listening for SFU connections on port 8889"}
{"timestamp":"2025-03-25 20:01:39.407","level":"info","event":"message","message":"Http server listening on port 80"}
{"timestamp":"2025-03-25 20:01:47.733","level":"info","event":"message","message":"New player connection: ::1 (/)"}
{"timestamp":"2025-03-25 20:01:47.734","level":"info","event":"message","message":"Registered new player: Player0"}
{"timestamp":"2025-03-25 20:01:47.734","level":"info","event":"proto_message","direction":"outgoing","sender":"Player0","protoMessage":{"type":"config","peerConnectionOptions":{},"protocolVersion":"1.3.0"}}
{"timestamp":"2025-03-25 20:01:47.735","level":"info","event":"proto_message","direction":"incoming","receiver":"Player0","protoMessage":{"type":"listStreamers"}}
{"timestamp":"2025-03-25 20:01:47.736","level":"info","event":"proto_message","direction":"outgoing","sender":"Player0","protoMessage":{"type":"streamerList","ids":[]}}
{"timestamp":"2025-03-25 20:01:50.751","level":"info","event":"proto_message","direction":"incoming","receiver":"Player0","protoMessage":{"type":"listStreamers"}}
{"timestamp":"2025-03-25 20:01:50.751","level":"info","event":"proto_message","direction":"outgoing","sender":"Player0","protoMessage":{"type":"streamerList","ids":[]}}
{"timestamp":"2025-03-25 20:01:53.765","level":"info","event":"proto_message","direction":"incoming","receiver":"Player0","protoMessage":{"type":"listStreamers"}}
{"timestamp":"2025-03-25 20:01:53.766","level":"info","event":"proto_message","direction":"outgoing","sender":"Player0","protoMessage":{"type":"streamerList","ids":[]}}
{"timestamp":"2025-03-25 20:01:56.768","level":"info","event":"proto_message","direction":"incoming","receiver":"Player0","protoMessage":{"type":"listStreamers"}}
{"timestamp":"2025-03-25 20:01:56.769","level":"info","event":"proto_message","direction":"outgoing","sender":"Player0","protoMessage":{"type":"streamerList","ids":[]}}
{"timestamp":"2025-03-25 20:02:15.654","level":"info","event":"message","message":"New streamer connection: ::ffff:127.0.0.1"}
{"timestamp":"2025-03-25 20:02:15.655","level":"info","event":"proto_message","direction":"outgoing","sender":"UnknownStreamer","protoMessage":{"type":"identify"}}
{"timestamp":"2025-03-25 20:02:15.656","level":"info","event":"proto_message","direction":"outgoing","sender":"UnknownStreamer","protoMessage":{"type":"config","peerConnectionOptions":{},"protocolVersion":"1.3.0"}}
{"timestamp":"2025-03-25 20:02:16.218","level":"info","event":"proto_message","direction":"incoming","receiver":"UnknownStreamer","protoMessage":{"id":"DefaultStreamer","protocolVersion":"1.1.0","type":"endpointId"}}
{"timestamp":"2025-03-25 20:02:16.219","level":"info","event":"proto_message","direction":"outgoing","sender":"DefaultStreamer","protoMessage":{"type":"endpointIdConfirm","committedId":"DefaultStreamer"}}
{"timestamp":"2025-03-25 20:02:16.251","level":"info","event":"proto_message","direction":"incoming","receiver":"DefaultStreamer","protoMessage":{"type":"ping","time":1742904136}}
{"timestamp":"2025-03-25 20:02:16.252","level":"info","event":"proto_message","direction":"outgoing","sender":"DefaultStreamer","protoMessage":{"type":"pong","time":1742904136}}
{"timestamp":"2025-03-25 20:02:17.746","level":"info","event":"proto_message","direction":"incoming","receiver":"Player0","protoMessage":{"type":"ping","time":1742904137745}}
{"timestamp":"2025-03-25 20:02:17.747","level":"info","event":"proto_message","direction":"outgoing","sender":"Player0","protoMessage":{"type":"pong","time":1742904137745}}
{"timestamp":"2025-03-25 20:02:18.392","level":"info","event":"message","message":"Unregistered player: Player0"}
{"timestamp":"2025-03-25 20:02:18.393","level":"info","event":"message","message":"Player Player0 (::1) disconnected."}
{"timestamp":"2025-03-25 20:02:18.562","level":"info","event":"message","message":"New player connection: ::1 (/)"}
{"timestamp":"2025-03-25 20:02:18.562","level":"info","event":"message","message":"Registered new player: Player1"}
{"timestamp":"2025-03-25 20:02:18.563","level":"info","event":"proto_message","direction":"outgoing","sender":"Player1","protoMessage":{"type":"config","peerConnectionOptions":{},"protocolVersion":"1.3.0"}}
{"timestamp":"2025-03-25 20:02:18.565","level":"info","event":"proto_message","direction":"incoming","receiver":"Player1","protoMessage":{"type":"listStreamers"}}
{"timestamp":"2025-03-25 20:02:18.565","level":"info","event":"proto_message","direction":"outgoing","sender":"Player1","protoMessage":{"type":"streamerList","ids":["DefaultStreamer"]}}
{"timestamp":"2025-03-25 20:02:18.568","level":"info","event":"proto_message","direction":"incoming","receiver":"Player1","protoMessage":{"type":"subscribe","streamerId":"DefaultStreamer"}}
{"timestamp":"2025-03-25 20:02:18.569","level":"info","event":"proto_message","direction":"forward","receiver":"Player1","target":"DefaultStreamer","protoMessage":{"type":"playerConnected","dataChannel":true,"sfu":false,"playerId":"Player1"}}
{"timestamp":"2025-03-25 20:02:18.661","level":"info","event":"proto_message","direction":"forward","receiver":"DefaultStreamer","target":"Player1","protoMessage":{"multiplex":true,"sdp":"v=0\r\no=- 118103887455142954 2 IN IP4 127.0.0.1\r\ns=-\r\nt=0 0\r\na=group:BUNDLE 0 1 2\r\na=extmap-allow-mixed\r\na=msid-semantic: WMS pixelstreaming_audio_stream_id pixelstreaming_video_stream_id\r\nm=video 9 UDP/TLS/RTP/SAVPF 127 97 98 99 100 101 102\r\nc=IN IP4 0.0.0.0\r\na=rtcp:9 IN IP4 0.0.0.0\r\na=ice-ufrag:ecA9\r\na=ice-pwd:K40FLY60LuiJP3d9S68j10Fc\r\na=ice-options:trickle\r\na=fingerprint:sha-256 2C:32:8A:2B:C0:A0:D3:B9:9C:E2:06:DB:2F:14:9D:17:78:AC:A3:BE:70:99:92:75:43:EA:88:88:3E:02:18:6F\r\na=setup:actpass\r\na=mid:0\r\na=extmap:1 urn:ietf:params:rtp-hdrext:toffset\r\na=extmap:2 http://www.webrtc.org/experiments/rtp-hdrext/abs-send-time\r\na=extmap:3 urn:3gpp:video-orientation\r\na=extmap:4 http://www.ietf.org/id/draft-holmer-rmcat-transport-wide-cc-extensions-01\r\na=extmap:5 http://www.webrtc.org/experiments/rtp-hdrext/playout-delay\r\na=extmap:6 http://www.webrtc.org/experiments/rtp-hdrext/video-content-type\r\na=extmap:7 http://www.webrtc.org/experiments/rtp-hdrext/video-timing\r\na=extmap:8 http://www.webrtc.org/experiments/rtp-hdrext/color-space\r\na=extmap:9 urn:ietf:params:rtp-hdrext:sdes:mid\r\na=extmap:10 urn:ietf:params:rtp-hdrext:sdes:rtp-stream-id\r\na=extmap:11 urn:ietf:params:rtp-hdrext:sdes:repaired-rtp-stream-id\r\na=sendrecv\r\na=msid:pixelstreaming_video_stream_id video\r\na=rtcp-mux\r\na=rtcp-rsize\r\na=rtpmap:127 H264/90000\r\na=rtcp-fb:127 goog-remb\r\na=rtcp-fb:127 transport-cc\r\na=rtcp-fb:127 ccm fir\r\na=rtcp-fb:127 nack\r\na=rtcp-fb:127 nack pli\r\na=fmtp:127 level-asymmetry-allowed=1;packetization-mode=1;profile-level-id=42e01f\r\na=rtpmap:97 rtx/90000\r\na=fmtp:97 apt=127\r\na=rtpmap:98 H264/90000\r\na=rtcp-fb:98 goog-remb\r\na=rtcp-fb:98 transport-cc\r\na=rtcp-fb:98 ccm fir\r\na=rtcp-fb:98 nack\r\na=rtcp-fb:98 nack pli\r\na=fmtp:98 level-asymmetry-allowed=1;packetization-mode=1;profile-level-id=42001f\r\na=rtpmap:99 rtx/90000\r\na=fmtp:99 apt=98\r\na=rtpmap:100 red/90000\r\na=rtpmap:101 rtx/90000\r\na=fmtp:101 apt=100\r\na=rtpmap:102 ulpfec/90000\r\na=ssrc-group:FID 3180588124 1830904535\r\na=ssrc:3180588124 cname:SLi2OuwApTpzt0z/\r\na=ssrc:3180588124 msid:pixelstreaming_video_stream_id video\r\na=ssrc:1830904535 cname:SLi2OuwApTpzt0z/\r\na=ssrc:1830904535 msid:pixelstreaming_video_stream_id video\r\nm=audio 9 UDP/TLS/RTP/SAVPF 96 110\r\nc=IN IP4 0.0.0.0\r\na=rtcp:9 IN IP4 0.0.0.0\r\na=ice-ufrag:ecA9\r\na=ice-pwd:K40FLY60LuiJP3d9S68j10Fc\r\na=ice-options:trickle\r\na=fingerprint:sha-256 2C:32:8A:2B:C0:A0:D3:B9:9C:E2:06:DB:2F:14:9D:17:78:AC:A3:BE:70:99:92:75:43:EA:88:88:3E:02:18:6F\r\na=setup:actpass\r\na=mid:1\r\na=extmap:14 urn:ietf:params:rtp-hdrext:ssrc-audio-level\r\na=extmap:2 http://www.webrtc.org/experiments/rtp-hdrext/abs-send-time\r\na=extmap:4 http://www.ietf.org/id/draft-holmer-rmcat-transport-wide-cc-extensions-01\r\na=extmap:9 urn:ietf:params:rtp-hdrext:sdes:mid\r\na=sendrecv\r\na=msid:pixelstreaming_audio_stream_id audio\r\na=rtcp-mux\r\na=rtpmap:96 OPUS/48000/2\r\na=rtcp-fb:96 transport-cc\r\na=rtpmap:110 telephone-event/48000\r\na=ssrc:3103650499 cname:SLi2OuwApTpzt0z/\r\na=ssrc:3103650499 msid:pixelstreaming_audio_stream_id audio\r\nm=application 9 UDP/DTLS/SCTP webrtc-datachannel\r\nc=IN IP4 0.0.0.0\r\na=ice-ufrag:ecA9\r\na=ice-pwd:K40FLY60LuiJP3d9S68j10Fc\r\na=ice-options:trickle\r\na=fingerprint:sha-256 2C:32:8A:2B:C0:A0:D3:B9:9C:E2:06:DB:2F:14:9D:17:78:AC:A3:BE:70:99:92:75:43:EA:88:88:3E:02:18:6F\r\na=setup:actpass\r\na=mid:2\r\na=sctp-port:5000\r\na=max-message-size:262144\r\n","type":"offer","scalabilityMode":"L1T1"}}
{"timestamp":"2025-03-25 20:02:18.663","level":"info","event":"proto_message","direction":"forward","receiver":"Player1","target":"DefaultStreamer","protoMessage":{"type":"layerPreference","spatialLayer":0,"temporalLayer":0,"playerId":"Player1"}}
{"timestamp":"2025-03-25 20:02:18.678","level":"info","event":"proto_message","direction":"forward","receiver":"Player1","target":"DefaultStreamer","protoMessage":{"type":"answer","sdp":"v=0\r\no=- 8685827611237898060 2 IN IP4 127.0.0.1\r\ns=-\r\nt=0 0\r\na=group:BUNDLE 0 1 2\r\na=extmap-allow-mixed\r\na=msid-semantic: WMS\r\nm=video 9 UDP/TLS/RTP/SAVPF 98 99 127 97 100 101 102\r\nc=IN IP4 0.0.0.0\r\na=rtcp:9 IN IP4 0.0.0.0\r\na=ice-ufrag:3OAE\r\na=ice-pwd:vnVpII5TLMw6gnrsqe11kxfq\r\na=ice-options:trickle\r\na=fingerprint:sha-256 C6:3D:BF:DD:8E:02:63:43:84:4D:F8:B5:50:4C:92:62:09:0D:B3:4C:61:8B:3F:2F:7B:80:39:AD:D2:DE:8D:1D\r\na=setup:active\r\na=mid:0\r\na=extmap:1 urn:ietf:params:rtp-hdrext:toffset\r\na=extmap:2 http://www.webrtc.org/experiments/rtp-hdrext/abs-send-time\r\na=extmap:3 urn:3gpp:video-orientation\r\na=extmap:4 http://www.ietf.org/id/draft-holmer-rmcat-transport-wide-cc-extensions-01\r\na=extmap:5 http://www.webrtc.org/experiments/rtp-hdrext/playout-delay\r\na=extmap:6 http://www.webrtc.org/experiments/rtp-hdrext/video-content-type\r\na=extmap:7 http://www.webrtc.org/experiments/rtp-hdrext/video-timing\r\na=extmap:8 http://www.webrtc.org/experiments/rtp-hdrext/color-space\r\na=extmap:9 urn:ietf:params:rtp-hdrext:sdes:mid\r\na=extmap:10 urn:ietf:params:rtp-hdrext:sdes:rtp-stream-id\r\na=extmap:11 urn:ietf:params:rtp-hdrext:sdes:repaired-rtp-stream-id\r\na=recvonly\r\na=rtcp-mux\r\na=rtcp-rsize\r\na=rtpmap:98 H264/90000\r\na=rtcp-fb:98 goog-remb\r\na=rtcp-fb:98 transport-cc\r\na=rtcp-fb:98 ccm fir\r\na=rtcp-fb:98 nack\r\na=rtcp-fb:98 nack pli\r\na=fmtp:98 level-asymmetry-allowed=1;packetization-mode=1;profile-level-id=42001f;x-google-max-bitrate=100000;x-google-start-bitrate=10000\r\na=rtpmap:99 rtx/90000\r\na=fmtp:99 apt=98\r\na=rtpmap:127 H264/90000\r\na=rtcp-fb:127 goog-remb\r\na=rtcp-fb:127 transport-cc\r\na=rtcp-fb:127 ccm fir\r\na=rtcp-fb:127 nack\r\na=rtcp-fb:127 nack pli\r\na=fmtp:127 level-asymmetry-allowed=1;packetization-mode=1;profile-level-id=42e01f;x-google-max-bitrate=100000;x-google-start-bitrate=10000\r\na=rtpmap:97 rtx/90000\r\na=fmtp:97 apt=127\r\na=rtpmap:100 red/90000\r\na=rtpmap:101 rtx/90000\r\na=fmtp:101 apt=100\r\na=rtpmap:102 ulpfec/90000\r\nm=audio 9 UDP/TLS/RTP/SAVPF 96 110\r\nc=IN IP4 0.0.0.0\r\na=rtcp:9 IN IP4 0.0.0.0\r\na=ice-ufrag:3OAE\r\na=ice-pwd:vnVpII5TLMw6gnrsqe11kxfq\r\na=ice-options:trickle\r\na=fingerprint:sha-256 C6:3D:BF:DD:8E:02:63:43:84:4D:F8:B5:50:4C:92:62:09:0D:B3:4C:61:8B:3F:2F:7B:80:39:AD:D2:DE:8D:1D\r\na=setup:active\r\na=mid:1\r\na=extmap:14 urn:ietf:params:rtp-hdrext:ssrc-audio-level\r\na=extmap:2 http://www.webrtc.org/experiments/rtp-hdrext/abs-send-time\r\na=extmap:4 http://www.ietf.org/id/draft-holmer-rmcat-transport-wide-cc-extensions-01\r\na=extmap:9 urn:ietf:params:rtp-hdrext:sdes:mid\r\na=recvonly\r\na=rtcp-mux\r\na=rtpmap:96 OPUS/48000/2\r\na=rtcp-fb:96 transport-cc\r\na=fmtp:96 maxaveragebitrate=510000;minptime=10;stereo=1;useinbandfec=1\r\na=rtpmap:110 telephone-event/48000\r\nm=application 9 UDP/DTLS/SCTP webrtc-datachannel\r\nc=IN IP4 0.0.0.0\r\na=ice-ufrag:3OAE\r\na=ice-pwd:vnVpII5TLMw6gnrsqe11kxfq\r\na=ice-options:trickle\r\na=fingerprint:sha-256 C6:3D:BF:DD:8E:02:63:43:84:4D:F8:B5:50:4C:92:62:09:0D:B3:4C:61:8B:3F:2F:7B:80:39:AD:D2:DE:8D:1D\r\na=setup:active\r\na=mid:2\r\na=sctp-port:5000\r\na=max-message-size:262144\r\n","minBitrateBps":0,"maxBitrateBps":0,"playerId":"Player1"}}
{"timestamp":"2025-03-25 20:02:18.680","level":"info","event":"proto_message","direction":"forward","receiver":"Player1","target":"DefaultStreamer","protoMessage":{"type":"iceCandidate","candidate":{"candidate":"candidate:1428688695 1 udp 2113937151 ae8000c1-09d3-49e9-a1bc-520aca67ef5a.local 52214 typ host generation 0 ufrag 3OAE network-cost 999","sdpMid":"0","sdpMLineIndex":0,"usernameFragment":"3OAE"},"playerId":"Player1"}}
{"timestamp":"2025-03-25 20:02:18.681","level":"info","event":"proto_message","direction":"forward","receiver":"Player1","target":"DefaultStreamer","protoMessage":{"type":"iceCandidate","candidate":{"candidate":"candidate:1885322930 1 udp 2113939711 aa078ff7-ac7c-44a4-9408-617f90216f8f.local 52215 typ host generation 0 ufrag 3OAE network-cost 999","sdpMid":"0","sdpMLineIndex":0,"usernameFragment":"3OAE"},"playerId":"Player1"}}
{"timestamp":"2025-03-25 20:02:18.694","level":"info","event":"proto_message","direction":"forward","receiver":"DefaultStreamer","target":"Player1","protoMessage":{"candidate":{"candidate":"candidate:3692312296 1 udp 2122260223 172.21.144.1 49152 typ host generation 0 ufrag ecA9 network-id 6","sdpMLineIndex":0,"sdpMid":"0"},"type":"iceCandidate"}}
{"timestamp":"2025-03-25 20:02:18.728","level":"info","event":"proto_message","direction":"forward","receiver":"DefaultStreamer","target":"Player1","protoMessage":{"candidate":{"candidate":"candidate:1208713604 1 udp 2122197247 2408:8207:4843:2560:1589:6625:55bc:c8cb 49152 typ host generation 0 ufrag ecA9 network-id 2 network-cost 10","sdpMLineIndex":0,"sdpMid":"0"},"type":"iceCandidate"}}
{"timestamp":"2025-03-25 20:02:18.761","level":"info","event":"proto_message","direction":"forward","receiver":"DefaultStreamer","target":"Player1","protoMessage":{"candidate":{"candidate":"candidate:3176226532 1 udp 2122131711 2408:8207:4843:2560:c969:9611:272f:ac6b 49152 typ host generation 0 ufrag ecA9 network-id 3 network-cost 10","sdpMLineIndex":0,"sdpMid":"0"},"type":"iceCandidate"}}
{"timestamp":"2025-03-25 20:02:18.795","level":"info","event":"proto_message","direction":"forward","receiver":"DefaultStreamer","target":"Player1","protoMessage":{"candidate":{"candidate":"candidate:4139613726 1 udp 2122063615 192.168.1.3 49152 typ host generation 0 ufrag ecA9 network-id 1 network-cost 10","sdpMLineIndex":0,"sdpMid":"0"},"type":"iceCandidate"}}
{"timestamp":"2025-03-25 20:02:18.829","level":"info","event":"proto_message","direction":"forward","receiver":"DefaultStreamer","target":"Player1","protoMessage":{"candidate":{"candidate":"candidate:3692312296 1 udp 2122260223 172.21.144.1 49153 typ host generation 0 ufrag ecA9 network-id 6","sdpMLineIndex":1,"sdpMid":"1"},"type":"iceCandidate"}}
{"timestamp":"2025-03-25 20:02:18.863","level":"info","event":"proto_message","direction":"forward","receiver":"DefaultStreamer","target":"Player1","protoMessage":{"candidate":{"candidate":"candidate:1208713604 1 udp 2122197247 2408:8207:4843:2560:1589:6625:55bc:c8cb 49153 typ host generation 0 ufrag ecA9 network-id 2 network-cost 10","sdpMLineIndex":1,"sdpMid":"1"},"type":"iceCandidate"}}
{"timestamp":"2025-03-25 20:02:18.896","level":"info","event":"proto_message","direction":"forward","receiver":"DefaultStreamer","target":"Player1","protoMessage":{"candidate":{"candidate":"candidate:3176226532 1 udp 2122131711 2408:8207:4843:2560:c969:9611:272f:ac6b 49153 typ host generation 0 ufrag ecA9 network-id 3 network-cost 10","sdpMLineIndex":1,"sdpMid":"1"},"type":"iceCandidate"}}
{"timestamp":"2025-03-25 20:02:18.930","level":"info","event":"proto_message","direction":"forward","receiver":"DefaultStreamer","target":"Player1","protoMessage":{"candidate":{"candidate":"candidate:4139613726 1 udp 2122063615 192.168.1.3 49153 typ host generation 0 ufrag ecA9 network-id 1 network-cost 10","sdpMLineIndex":1,"sdpMid":"1"},"type":"iceCandidate"}}
{"timestamp":"2025-03-25 20:02:18.963","level":"info","event":"proto_message","direction":"forward","receiver":"DefaultStreamer","target":"Player1","protoMessage":{"candidate":{"candidate":"candidate:3692312296 1 udp 2122260223 172.21.144.1 49154 typ host generation 0 ufrag ecA9 network-id 6","sdpMLineIndex":2,"sdpMid":"2"},"type":"iceCandidate"}}
{"timestamp":"2025-03-25 20:02:18.997","level":"info","event":"proto_message","direction":"forward","receiver":"DefaultStreamer","target":"Player1","protoMessage":{"candidate":{"candidate":"candidate:1208713604 1 udp 2122197247 2408:8207:4843:2560:1589:6625:55bc:c8cb 49154 typ host generation 0 ufrag ecA9 network-id 2 network-cost 10","sdpMLineIndex":2,"sdpMid":"2"},"type":"iceCandidate"}}
{"timestamp":"2025-03-25 20:02:19.031","level":"info","event":"proto_message","direction":"forward","receiver":"DefaultStreamer","target":"Player1","protoMessage":{"candidate":{"candidate":"candidate:3176226532 1 udp 2122131711 2408:8207:4843:2560:c969:9611:272f:ac6b 49154 typ host generation 0 ufrag ecA9 network-id 3 network-cost 10","sdpMLineIndex":2,"sdpMid":"2"},"type":"iceCandidate"}}
{"timestamp":"2025-03-25 20:02:19.064","level":"info","event":"proto_message","direction":"forward","receiver":"DefaultStreamer","target":"Player1","protoMessage":{"candidate":{"candidate":"candidate:4139613726 1 udp 2122063615 192.168.1.3 49154 typ host generation 0 ufrag ecA9 network-id 1 network-cost 10","sdpMLineIndex":2,"sdpMid":"2"},"type":"iceCandidate"}}
{"timestamp":"2025-03-25 20:02:46.228","level":"info","event":"proto_message","direction":"incoming","receiver":"DefaultStreamer","protoMessage":{"type":"ping","time":1742904166}}
{"timestamp":"2025-03-25 20:02:46.228","level":"info","event":"proto_message","direction":"outgoing","sender":"DefaultStreamer","protoMessage":{"type":"pong","time":1742904166}}
{"timestamp":"2025-03-25 20:02:48.561","level":"info","event":"proto_message","direction":"incoming","receiver":"Player1","protoMessage":{"type":"ping","time":1742904168561}}
{"timestamp":"2025-03-25 20:02:48.561","level":"info","event":"proto_message","direction":"outgoing","sender":"Player1","protoMessage":{"type":"pong","time":1742904168561}}
{"timestamp":"2025-03-25 20:03:10.509","level":"info","event":"proto_message","direction":"forward","receiver":"Player1","target":"DefaultStreamer","protoMessage":{"type":"playerDisconnected","playerId":"Player1"}}
{"timestamp":"2025-03-25 20:03:10.510","level":"info","event":"message","message":"Unregistered player: Player1"}
{"timestamp":"2025-03-25 20:03:10.510","level":"info","event":"message","message":"Player Player1 (::1) disconnected."}
{"timestamp":"2025-03-25 20:03:10.731","level":"info","event":"message","message":"New player connection: ::1 (/)"}
{"timestamp":"2025-03-25 20:03:10.732","level":"info","event":"message","message":"Registered new player: Player2"}
{"timestamp":"2025-03-25 20:03:10.733","level":"info","event":"proto_message","direction":"outgoing","sender":"Player2","protoMessage":{"type":"config","peerConnectionOptions":{},"protocolVersion":"1.3.0"}}
{"timestamp":"2025-03-25 20:03:10.733","level":"info","event":"proto_message","direction":"incoming","receiver":"Player2","protoMessage":{"type":"listStreamers"}}
{"timestamp":"2025-03-25 20:03:10.734","level":"info","event":"proto_message","direction":"outgoing","sender":"Player2","protoMessage":{"type":"streamerList","ids":["DefaultStreamer"]}}
{"timestamp":"2025-03-25 20:03:10.737","level":"info","event":"proto_message","direction":"incoming","receiver":"Player2","protoMessage":{"type":"subscribe","streamerId":"DefaultStreamer"}}
{"timestamp":"2025-03-25 20:03:10.738","level":"info","event":"proto_message","direction":"forward","receiver":"Player2","target":"DefaultStreamer","protoMessage":{"type":"playerConnected","dataChannel":true,"sfu":false,"playerId":"Player2"}}
{"timestamp":"2025-03-25 20:03:10.775","level":"info","event":"proto_message","direction":"forward","receiver":"DefaultStreamer","target":"Player2","protoMessage":{"multiplex":true,"sdp":"v=0\r\no=- 5702484632227144587 2 IN IP4 127.0.0.1\r\ns=-\r\nt=0 0\r\na=group:BUNDLE 0 1 2\r\na=extmap-allow-mixed\r\na=msid-semantic: WMS pixelstreaming_audio_stream_id pixelstreaming_video_stream_id\r\nm=video 9 UDP/TLS/RTP/SAVPF 127 97 98 99 100 101 102\r\nc=IN IP4 0.0.0.0\r\na=rtcp:9 IN IP4 0.0.0.0\r\na=ice-ufrag:6BBs\r\na=ice-pwd:mYmv+6Wf2JGXZVPnHOwLbvfe\r\na=ice-options:trickle\r\na=fingerprint:sha-256 08:F4:8A:16:98:22:E8:12:80:58:9B:42:BE:1F:BE:91:B0:8B:EF:6A:38:E7:25:74:AB:DB:1A:37:53:97:66:68\r\na=setup:actpass\r\na=mid:0\r\na=extmap:1 urn:ietf:params:rtp-hdrext:toffset\r\na=extmap:2 http://www.webrtc.org/experiments/rtp-hdrext/abs-send-time\r\na=extmap:3 urn:3gpp:video-orientation\r\na=extmap:4 http://www.ietf.org/id/draft-holmer-rmcat-transport-wide-cc-extensions-01\r\na=extmap:5 http://www.webrtc.org/experiments/rtp-hdrext/playout-delay\r\na=extmap:6 http://www.webrtc.org/experiments/rtp-hdrext/video-content-type\r\na=extmap:7 http://www.webrtc.org/experiments/rtp-hdrext/video-timing\r\na=extmap:8 http://www.webrtc.org/experiments/rtp-hdrext/color-space\r\na=extmap:9 urn:ietf:params:rtp-hdrext:sdes:mid\r\na=extmap:10 urn:ietf:params:rtp-hdrext:sdes:rtp-stream-id\r\na=extmap:11 urn:ietf:params:rtp-hdrext:sdes:repaired-rtp-stream-id\r\na=sendrecv\r\na=msid:pixelstreaming_video_stream_id video\r\na=rtcp-mux\r\na=rtcp-rsize\r\na=rtpmap:127 H264/90000\r\na=rtcp-fb:127 goog-remb\r\na=rtcp-fb:127 transport-cc\r\na=rtcp-fb:127 ccm fir\r\na=rtcp-fb:127 nack\r\na=rtcp-fb:127 nack pli\r\na=fmtp:127 level-asymmetry-allowed=1;packetization-mode=1;profile-level-id=42e01f\r\na=rtpmap:97 rtx/90000\r\na=fmtp:97 apt=127\r\na=rtpmap:98 H264/90000\r\na=rtcp-fb:98 goog-remb\r\na=rtcp-fb:98 transport-cc\r\na=rtcp-fb:98 ccm fir\r\na=rtcp-fb:98 nack\r\na=rtcp-fb:98 nack pli\r\na=fmtp:98 level-asymmetry-allowed=1;packetization-mode=1;profile-level-id=42001f\r\na=rtpmap:99 rtx/90000\r\na=fmtp:99 apt=98\r\na=rtpmap:100 red/90000\r\na=rtpmap:101 rtx/90000\r\na=fmtp:101 apt=100\r\na=rtpmap:102 ulpfec/90000\r\na=ssrc-group:FID 2071838696 917052854\r\na=ssrc:2071838696 cname:Qgm2s8nni4opTCLP\r\na=ssrc:2071838696 msid:pixelstreaming_video_stream_id video\r\na=ssrc:917052854 cname:Qgm2s8nni4opTCLP\r\na=ssrc:917052854 msid:pixelstreaming_video_stream_id video\r\nm=audio 9 UDP/TLS/RTP/SAVPF 96 110\r\nc=IN IP4 0.0.0.0\r\na=rtcp:9 IN IP4 0.0.0.0\r\na=ice-ufrag:6BBs\r\na=ice-pwd:mYmv+6Wf2JGXZVPnHOwLbvfe\r\na=ice-options:trickle\r\na=fingerprint:sha-256 08:F4:8A:16:98:22:E8:12:80:58:9B:42:BE:1F:BE:91:B0:8B:EF:6A:38:E7:25:74:AB:DB:1A:37:53:97:66:68\r\na=setup:actpass\r\na=mid:1\r\na=extmap:14 urn:ietf:params:rtp-hdrext:ssrc-audio-level\r\na=extmap:2 http://www.webrtc.org/experiments/rtp-hdrext/abs-send-time\r\na=extmap:4 http://www.ietf.org/id/draft-holmer-rmcat-transport-wide-cc-extensions-01\r\na=extmap:9 urn:ietf:params:rtp-hdrext:sdes:mid\r\na=sendrecv\r\na=msid:pixelstreaming_audio_stream_id audio\r\na=rtcp-mux\r\na=rtpmap:96 OPUS/48000/2\r\na=rtcp-fb:96 transport-cc\r\na=rtpmap:110 telephone-event/48000\r\na=ssrc:3872162901 cname:Qgm2s8nni4opTCLP\r\na=ssrc:3872162901 msid:pixelstreaming_audio_stream_id audio\r\nm=application 9 UDP/DTLS/SCTP webrtc-datachannel\r\nc=IN IP4 0.0.0.0\r\na=ice-ufrag:6BBs\r\na=ice-pwd:mYmv+6Wf2JGXZVPnHOwLbvfe\r\na=ice-options:trickle\r\na=fingerprint:sha-256 08:F4:8A:16:98:22:E8:12:80:58:9B:42:BE:1F:BE:91:B0:8B:EF:6A:38:E7:25:74:AB:DB:1A:37:53:97:66:68\r\na=setup:actpass\r\na=mid:2\r\na=sctp-port:5000\r\na=max-message-size:262144\r\n","type":"offer","scalabilityMode":"L1T1"}}
{"timestamp":"2025-03-25 20:03:10.776","level":"info","event":"proto_message","direction":"forward","receiver":"Player2","target":"DefaultStreamer","protoMessage":{"type":"layerPreference","spatialLayer":0,"temporalLayer":0,"playerId":"Player2"}}
{"timestamp":"2025-03-25 20:03:10.787","level":"info","event":"proto_message","direction":"forward","receiver":"Player2","target":"DefaultStreamer","protoMessage":{"type":"answer","sdp":"v=0\r\no=- 6981735530554919117 2 IN IP4 127.0.0.1\r\ns=-\r\nt=0 0\r\na=group:BUNDLE 0 1 2\r\na=extmap-allow-mixed\r\na=msid-semantic: WMS\r\nm=video 9 UDP/TLS/RTP/SAVPF 98 99 127 97 100 101 102\r\nc=IN IP4 0.0.0.0\r\na=rtcp:9 IN IP4 0.0.0.0\r\na=ice-ufrag:XXng\r\na=ice-pwd:6ZF1VR928QRU4Lb6q8Nb8pI6\r\na=ice-options:trickle\r\na=fingerprint:sha-256 6F:BB:00:DC:2C:38:CE:2E:5A:19:3D:F0:92:4C:C9:0B:A9:44:C7:E1:AC:E8:8D:88:7F:06:95:83:9E:1F:4E:B4\r\na=setup:active\r\na=mid:0\r\na=extmap:1 urn:ietf:params:rtp-hdrext:toffset\r\na=extmap:2 http://www.webrtc.org/experiments/rtp-hdrext/abs-send-time\r\na=extmap:3 urn:3gpp:video-orientation\r\na=extmap:4 http://www.ietf.org/id/draft-holmer-rmcat-transport-wide-cc-extensions-01\r\na=extmap:5 http://www.webrtc.org/experiments/rtp-hdrext/playout-delay\r\na=extmap:6 http://www.webrtc.org/experiments/rtp-hdrext/video-content-type\r\na=extmap:7 http://www.webrtc.org/experiments/rtp-hdrext/video-timing\r\na=extmap:8 http://www.webrtc.org/experiments/rtp-hdrext/color-space\r\na=extmap:9 urn:ietf:params:rtp-hdrext:sdes:mid\r\na=extmap:10 urn:ietf:params:rtp-hdrext:sdes:rtp-stream-id\r\na=extmap:11 urn:ietf:params:rtp-hdrext:sdes:repaired-rtp-stream-id\r\na=recvonly\r\na=rtcp-mux\r\na=rtcp-rsize\r\na=rtpmap:98 H264/90000\r\na=rtcp-fb:98 goog-remb\r\na=rtcp-fb:98 transport-cc\r\na=rtcp-fb:98 ccm fir\r\na=rtcp-fb:98 nack\r\na=rtcp-fb:98 nack pli\r\na=fmtp:98 level-asymmetry-allowed=1;packetization-mode=1;profile-level-id=42001f;x-google-max-bitrate=100000;x-google-start-bitrate=10000\r\na=rtpmap:99 rtx/90000\r\na=fmtp:99 apt=98\r\na=rtpmap:127 H264/90000\r\na=rtcp-fb:127 goog-remb\r\na=rtcp-fb:127 transport-cc\r\na=rtcp-fb:127 ccm fir\r\na=rtcp-fb:127 nack\r\na=rtcp-fb:127 nack pli\r\na=fmtp:127 level-asymmetry-allowed=1;packetization-mode=1;profile-level-id=42e01f;x-google-max-bitrate=100000;x-google-start-bitrate=10000\r\na=rtpmap:97 rtx/90000\r\na=fmtp:97 apt=127\r\na=rtpmap:100 red/90000\r\na=rtpmap:101 rtx/90000\r\na=fmtp:101 apt=100\r\na=rtpmap:102 ulpfec/90000\r\nm=audio 9 UDP/TLS/RTP/SAVPF 96 110\r\nc=IN IP4 0.0.0.0\r\na=rtcp:9 IN IP4 0.0.0.0\r\na=ice-ufrag:XXng\r\na=ice-pwd:6ZF1VR928QRU4Lb6q8Nb8pI6\r\na=ice-options:trickle\r\na=fingerprint:sha-256 6F:BB:00:DC:2C:38:CE:2E:5A:19:3D:F0:92:4C:C9:0B:A9:44:C7:E1:AC:E8:8D:88:7F:06:95:83:9E:1F:4E:B4\r\na=setup:active\r\na=mid:1\r\na=extmap:14 urn:ietf:params:rtp-hdrext:ssrc-audio-level\r\na=extmap:2 http://www.webrtc.org/experiments/rtp-hdrext/abs-send-time\r\na=extmap:4 http://www.ietf.org/id/draft-holmer-rmcat-transport-wide-cc-extensions-01\r\na=extmap:9 urn:ietf:params:rtp-hdrext:sdes:mid\r\na=recvonly\r\na=rtcp-mux\r\na=rtpmap:96 OPUS/48000/2\r\na=rtcp-fb:96 transport-cc\r\na=fmtp:96 maxaveragebitrate=510000;minptime=10;stereo=1;useinbandfec=1\r\na=rtpmap:110 telephone-event/48000\r\nm=application 9 UDP/DTLS/SCTP webrtc-datachannel\r\nc=IN IP4 0.0.0.0\r\na=ice-ufrag:XXng\r\na=ice-pwd:6ZF1VR928QRU4Lb6q8Nb8pI6\r\na=ice-options:trickle\r\na=fingerprint:sha-256 6F:BB:00:DC:2C:38:CE:2E:5A:19:3D:F0:92:4C:C9:0B:A9:44:C7:E1:AC:E8:8D:88:7F:06:95:83:9E:1F:4E:B4\r\na=setup:active\r\na=mid:2\r\na=sctp-port:5000\r\na=max-message-size:262144\r\n","minBitrateBps":0,"maxBitrateBps":0,"playerId":"Player2"}}
{"timestamp":"2025-03-25 20:03:10.788","level":"info","event":"proto_message","direction":"forward","receiver":"Player2","target":"DefaultStreamer","protoMessage":{"type":"iceCandidate","candidate":{"candidate":"candidate:909606032 1 udp 2113937151 4cdf5aa9-aaaa-43f5-b6b7-753f4cf62258.local 63382 typ host generation 0 ufrag XXng network-cost 999","sdpMid":"0","sdpMLineIndex":0,"usernameFragment":"XXng"},"playerId":"Player2"}}
{"timestamp":"2025-03-25 20:03:10.789","level":"info","event":"proto_message","direction":"forward","receiver":"Player2","target":"DefaultStreamer","protoMessage":{"type":"iceCandidate","candidate":{"candidate":"candidate:323013909 1 udp 2113939711 508e485a-bf51-42f1-9340-013fefc96ea4.local 63383 typ host generation 0 ufrag XXng network-cost 999","sdpMid":"0","sdpMLineIndex":0,"usernameFragment":"XXng"},"playerId":"Player2"}}
{"timestamp":"2025-03-25 20:03:10.807","level":"info","event":"proto_message","direction":"forward","receiver":"DefaultStreamer","target":"Player2","protoMessage":{"candidate":{"candidate":"candidate:2805307971 1 udp 2122260223 172.21.144.1 49152 typ host generation 0 ufrag 6BBs network-id 6","sdpMLineIndex":0,"sdpMid":"0"},"type":"iceCandidate"}}
{"timestamp":"2025-03-25 20:03:10.840","level":"info","event":"proto_message","direction":"forward","receiver":"DefaultStreamer","target":"Player2","protoMessage":{"candidate":{"candidate":"candidate:3819284615 1 udp 2122197247 2408:8207:4843:2560:1589:6625:55bc:c8cb 49152 typ host generation 0 ufrag 6BBs network-id 2 network-cost 10","sdpMLineIndex":0,"sdpMid":"0"},"type":"iceCandidate"}}
{"timestamp":"2025-03-25 20:03:10.873","level":"info","event":"proto_message","direction":"forward","receiver":"DefaultStreamer","target":"Player2","protoMessage":{"candidate":{"candidate":"candidate:2934084352 1 udp 2122131711 2408:8207:4843:2560:c969:9611:272f:ac6b 49152 typ host generation 0 ufrag 6BBs network-id 3 network-cost 10","sdpMLineIndex":0,"sdpMid":"0"},"type":"iceCandidate"}}
{"timestamp":"2025-03-25 20:03:10.907","level":"info","event":"proto_message","direction":"forward","receiver":"DefaultStreamer","target":"Player2","protoMessage":{"candidate":{"candidate":"candidate:4089537570 1 udp 2122063615 192.168.1.3 49152 typ host generation 0 ufrag 6BBs network-id 1 network-cost 10","sdpMLineIndex":0,"sdpMid":"0"},"type":"iceCandidate"}}
{"timestamp":"2025-03-25 20:03:10.940","level":"info","event":"proto_message","direction":"forward","receiver":"DefaultStreamer","target":"Player2","protoMessage":{"candidate":{"candidate":"candidate:2805307971 1 udp 2122260223 172.21.144.1 49153 typ host generation 0 ufrag 6BBs network-id 6","sdpMLineIndex":1,"sdpMid":"1"},"type":"iceCandidate"}}
{"timestamp":"2025-03-25 20:03:10.974","level":"info","event":"proto_message","direction":"forward","receiver":"DefaultStreamer","target":"Player2","protoMessage":{"candidate":{"candidate":"candidate:3819284615 1 udp 2122197247 2408:8207:4843:2560:1589:6625:55bc:c8cb 49153 typ host generation 0 ufrag 6BBs network-id 2 network-cost 10","sdpMLineIndex":1,"sdpMid":"1"},"type":"iceCandidate"}}
{"timestamp":"2025-03-25 20:03:11.008","level":"info","event":"proto_message","direction":"forward","receiver":"DefaultStreamer","target":"Player2","protoMessage":{"candidate":{"candidate":"candidate:2934084352 1 udp 2122131711 2408:8207:4843:2560:c969:9611:272f:ac6b 49153 typ host generation 0 ufrag 6BBs network-id 3 network-cost 10","sdpMLineIndex":1,"sdpMid":"1"},"type":"iceCandidate"}}
{"timestamp":"2025-03-25 20:03:11.041","level":"info","event":"proto_message","direction":"forward","receiver":"DefaultStreamer","target":"Player2","protoMessage":{"candidate":{"candidate":"candidate:4089537570 1 udp 2122063615 192.168.1.3 49153 typ host generation 0 ufrag 6BBs network-id 1 network-cost 10","sdpMLineIndex":1,"sdpMid":"1"},"type":"iceCandidate"}}
{"timestamp":"2025-03-25 20:03:11.075","level":"info","event":"proto_message","direction":"forward","receiver":"DefaultStreamer","target":"Player2","protoMessage":{"candidate":{"candidate":"candidate:2805307971 1 udp 2122260223 172.21.144.1 49154 typ host generation 0 ufrag 6BBs network-id 6","sdpMLineIndex":2,"sdpMid":"2"},"type":"iceCandidate"}}
{"timestamp":"2025-03-25 20:03:11.108","level":"info","event":"proto_message","direction":"forward","receiver":"DefaultStreamer","target":"Player2","protoMessage":{"candidate":{"candidate":"candidate:3819284615 1 udp 2122197247 2408:8207:4843:2560:1589:6625:55bc:c8cb 49154 typ host generation 0 ufrag 6BBs network-id 2 network-cost 10","sdpMLineIndex":2,"sdpMid":"2"},"type":"iceCandidate"}}
{"timestamp":"2025-03-25 20:03:11.141","level":"info","event":"proto_message","direction":"forward","receiver":"DefaultStreamer","target":"Player2","protoMessage":{"candidate":{"candidate":"candidate:2934084352 1 udp 2122131711 2408:8207:4843:2560:c969:9611:272f:ac6b 49154 typ host generation 0 ufrag 6BBs network-id 3 network-cost 10","sdpMLineIndex":2,"sdpMid":"2"},"type":"iceCandidate"}}
{"timestamp":"2025-03-25 20:03:11.175","level":"info","event":"proto_message","direction":"forward","receiver":"DefaultStreamer","target":"Player2","protoMessage":{"candidate":{"candidate":"candidate:4089537570 1 udp 2122063615 192.168.1.3 49154 typ host generation 0 ufrag 6BBs network-id 1 network-cost 10","sdpMLineIndex":2,"sdpMid":"2"},"type":"iceCandidate"}}
{"timestamp":"2025-03-25 20:03:16.239","level":"info","event":"proto_message","direction":"incoming","receiver":"DefaultStreamer","protoMessage":{"type":"ping","time":1742904196}}
{"timestamp":"2025-03-25 20:03:16.240","level":"info","event":"proto_message","direction":"outgoing","sender":"DefaultStreamer","protoMessage":{"type":"pong","time":1742904196}}
{"timestamp":"2025-03-25 20:03:17.275","level":"info","event":"message","message":"Streamer 'DefaultStreamer' - websocket disconnected."}
{"timestamp":"2025-03-25 20:03:17.276","level":"info","event":"proto_message","direction":"forward","receiver":"Player2","target":"DefaultStreamer","protoMessage":{"type":"playerDisconnected","playerId":"Player2"}}
{"timestamp":"2025-03-25 20:03:17.277","level":"info","event":"message","message":"Streamer DefaultStreamer (::ffff:127.0.0.1) disconnected."}
{"timestamp":"2025-03-25 20:03:17.278","level":"info","event":"message","message":"Unregistered player: Player2"}
{"timestamp":"2025-03-25 20:03:17.278","level":"info","event":"message","message":"Player Player2 (::1) disconnected."}
{"timestamp":"2025-03-25 20:03:19.282","level":"info","event":"message","message":"New player connection: ::1 (/)"}
{"timestamp":"2025-03-25 20:03:19.283","level":"info","event":"message","message":"Registered new player: Player3"}
{"timestamp":"2025-03-25 20:03:19.283","level":"info","event":"proto_message","direction":"outgoing","sender":"Player3","protoMessage":{"type":"config","peerConnectionOptions":{},"protocolVersion":"1.3.0"}}
{"timestamp":"2025-03-25 20:03:19.284","level":"info","event":"proto_message","direction":"incoming","receiver":"Player3","protoMessage":{"type":"listStreamers"}}
{"timestamp":"2025-03-25 20:03:19.284","level":"info","event":"proto_message","direction":"outgoing","sender":"Player3","protoMessage":{"type":"streamerList","ids":[]}}
{"timestamp":"2025-03-25 20:03:22.844","level":"info","event":"proto_message","direction":"incoming","receiver":"Player3","protoMessage":{"type":"listStreamers"}}
{"timestamp":"2025-03-25 20:03:22.844","level":"info","event":"proto_message","direction":"outgoing","sender":"Player3","protoMessage":{"type":"streamerList","ids":[]}}
{"timestamp":"2025-03-25 20:03:26.842","level":"info","event":"proto_message","direction":"incoming","receiver":"Player3","protoMessage":{"type":"listStreamers"}}
{"timestamp":"2025-03-25 20:03:26.842","level":"info","event":"proto_message","direction":"outgoing","sender":"Player3","protoMessage":{"type":"streamerList","ids":[]}}
{"timestamp":"2025-03-25 20:05:42.022","level":"info","event":"message","message":"@epicgames-ps/wilbur v2.1.3 starting..."}
{"timestamp":"2025-03-25 20:05:42.022","level":"info","event":"message","message":"Config:"}
{"timestamp":"2025-03-25 20:05:42.022","level":"info","event":"message","message":"\"log_folder\": \"logs\""}
{"timestamp":"2025-03-25 20:05:42.023","level":"info","event":"message","message":"\"log_level_console\": \"info\""}
{"timestamp":"2025-03-25 20:05:42.023","level":"info","event":"message","message":"\"log_level_file\": \"info\""}
{"timestamp":"2025-03-25 20:05:42.023","level":"info","event":"message","message":"\"streamer_port\": \"8888\""}
{"timestamp":"2025-03-25 20:05:42.024","level":"info","event":"message","message":"\"player_port\": \"1025\""}
{"timestamp":"2025-03-25 20:05:42.024","level":"info","event":"message","message":"\"sfu_port\": \"8889\""}
{"timestamp":"2025-03-25 20:05:42.024","level":"info","event":"message","message":"\"max_players\": \"0\""}
{"timestamp":"2025-03-25 20:05:42.024","level":"info","event":"message","message":"\"serve\": \"true\""}
{"timestamp":"2025-03-25 20:05:42.024","level":"info","event":"message","message":"\"http_root\": \"www\""}
{"timestamp":"2025-03-25 20:05:42.025","level":"info","event":"message","message":"\"homepage\": \"player.html\""}
{"timestamp":"2025-03-25 20:05:42.025","level":"info","event":"message","message":"\"https\": \"false\""}
{"timestamp":"2025-03-25 20:05:42.025","level":"info","event":"message","message":"\"https_port\": \"443\""}
{"timestamp":"2025-03-25 20:05:42.025","level":"info","event":"message","message":"\"ssl_key_path\": \"certificates/client-key.pem\""}
{"timestamp":"2025-03-25 20:05:42.026","level":"info","event":"message","message":"\"ssl_cert_path\": \"certificates/client-cert.pem\""}
{"timestamp":"2025-03-25 20:05:42.026","level":"info","event":"message","message":"\"https_redirect\": \"true\""}
{"timestamp":"2025-03-25 20:05:42.026","level":"info","event":"message","message":"\"rest_api\": \"false\""}
{"timestamp":"2025-03-25 20:05:42.026","level":"info","event":"message","message":"\"peer_options\": \"\""}
{"timestamp":"2025-03-25 20:05:42.026","level":"info","event":"message","message":"\"log_config\": \"true\""}
{"timestamp":"2025-03-25 20:05:42.026","level":"info","event":"message","message":"\"stdin\": \"false\""}
{"timestamp":"2025-03-25 20:05:42.027","level":"info","event":"message","message":"\"save\": \"false\""}
{"timestamp":"2025-03-25 20:05:42.027","level":"info","event":"message","message":"\"console_messages\": \"verbose\""}
{"timestamp":"2025-03-25 20:05:42.032","level":"info","event":"message","message":"Listening for streamer connections on port 8888"}
{"timestamp":"2025-03-25 20:05:42.032","level":"info","event":"message","message":"Listening for SFU connections on port 8889"}
{"timestamp":"2025-03-25 20:05:42.033","level":"info","event":"message","message":"Http server listening on port 1025"}
{"timestamp":"2025-03-25 20:05:57.979","level":"info","event":"message","message":"New player connection: ::ffff:127.0.0.1 (/)"}
{"timestamp":"2025-03-25 20:05:57.981","level":"info","event":"message","message":"Registered new player: Player0"}
{"timestamp":"2025-03-25 20:05:57.982","level":"info","event":"proto_message","direction":"outgoing","sender":"Player0","protoMessage":{"type":"config","peerConnectionOptions":{},"protocolVersion":"1.3.0"}}
{"timestamp":"2025-03-25 20:05:57.984","level":"info","event":"proto_message","direction":"incoming","receiver":"Player0","protoMessage":{"type":"listStreamers"}}
{"timestamp":"2025-03-25 20:05:57.985","level":"info","event":"proto_message","direction":"outgoing","sender":"Player0","protoMessage":{"type":"streamerList","ids":[]}}
{"timestamp":"2025-03-25 20:06:01.000","level":"info","event":"proto_message","direction":"incoming","receiver":"Player0","protoMessage":{"type":"listStreamers"}}
{"timestamp":"2025-03-25 20:06:01.000","level":"info","event":"proto_message","direction":"outgoing","sender":"Player0","protoMessage":{"type":"streamerList","ids":[]}}
{"timestamp":"2025-03-25 20:06:03.007","level":"info","event":"message","message":"Unregistered player: Player0"}
{"timestamp":"2025-03-25 20:06:03.007","level":"info","event":"message","message":"Player Player0 (::ffff:127.0.0.1) disconnected."}
{"timestamp":"2025-03-25 20:09:38.980","level":"info","event":"message","message":"@epicgames-ps/wilbur v2.1.3 starting..."}
{"timestamp":"2025-03-25 20:09:38.981","level":"info","event":"message","message":"Config:"}
{"timestamp":"2025-03-25 20:09:38.981","level":"info","event":"message","message":"\"log_folder\": \"logs\""}
{"timestamp":"2025-03-25 20:09:38.982","level":"info","event":"message","message":"\"log_level_console\": \"info\""}
{"timestamp":"2025-03-25 20:09:38.982","level":"info","event":"message","message":"\"log_level_file\": \"info\""}
{"timestamp":"2025-03-25 20:09:38.982","level":"info","event":"message","message":"\"streamer_port\": \"8888\""}
{"timestamp":"2025-03-25 20:09:38.982","level":"info","event":"message","message":"\"player_port\": \"1025\""}
{"timestamp":"2025-03-25 20:09:38.982","level":"info","event":"message","message":"\"sfu_port\": \"8889\""}
{"timestamp":"2025-03-25 20:09:38.983","level":"info","event":"message","message":"\"max_players\": \"0\""}
{"timestamp":"2025-03-25 20:09:38.983","level":"info","event":"message","message":"\"serve\": \"true\""}
{"timestamp":"2025-03-25 20:09:38.983","level":"info","event":"message","message":"\"http_root\": \"www\""}
{"timestamp":"2025-03-25 20:09:38.983","level":"info","event":"message","message":"\"homepage\": \"player.html\""}
{"timestamp":"2025-03-25 20:09:38.984","level":"info","event":"message","message":"\"https\": \"false\""}
{"timestamp":"2025-03-25 20:09:38.984","level":"info","event":"message","message":"\"https_port\": \"443\""}
{"timestamp":"2025-03-25 20:09:38.984","level":"info","event":"message","message":"\"ssl_key_path\": \"certificates/client-key.pem\""}
{"timestamp":"2025-03-25 20:09:38.984","level":"info","event":"message","message":"\"ssl_cert_path\": \"certificates/client-cert.pem\""}
{"timestamp":"2025-03-25 20:09:38.985","level":"info","event":"message","message":"\"https_redirect\": \"true\""}
{"timestamp":"2025-03-25 20:09:38.985","level":"info","event":"message","message":"\"rest_api\": \"false\""}
{"timestamp":"2025-03-25 20:09:38.985","level":"info","event":"message","message":"\"peer_options\": \"\""}
{"timestamp":"2025-03-25 20:09:38.985","level":"info","event":"message","message":"\"log_config\": \"true\""}
{"timestamp":"2025-03-25 20:09:38.985","level":"info","event":"message","message":"\"stdin\": \"false\""}
{"timestamp":"2025-03-25 20:09:38.985","level":"info","event":"message","message":"\"save\": \"false\""}
{"timestamp":"2025-03-25 20:09:38.986","level":"info","event":"message","message":"\"console_messages\": \"verbose\""}
{"timestamp":"2025-03-25 20:09:38.990","level":"info","event":"message","message":"Listening for streamer connections on port 8888"}
{"timestamp":"2025-03-25 20:09:38.990","level":"info","event":"message","message":"Listening for SFU connections on port 8889"}
{"timestamp":"2025-03-25 20:09:38.992","level":"info","event":"message","message":"Http server listening on port 1025"}
{"timestamp":"2025-03-25 20:09:55.953","level":"info","event":"message","message":"@epicgames-ps/wilbur v2.1.3 starting..."}
{"timestamp":"2025-03-25 20:09:55.953","level":"info","event":"message","message":"Config:"}
{"timestamp":"2025-03-25 20:09:55.954","level":"info","event":"message","message":"\"log_folder\": \"logs\""}
{"timestamp":"2025-03-25 20:09:55.954","level":"info","event":"message","message":"\"log_level_console\": \"info\""}
{"timestamp":"2025-03-25 20:09:55.954","level":"info","event":"message","message":"\"log_level_file\": \"info\""}
{"timestamp":"2025-03-25 20:09:55.954","level":"info","event":"message","message":"\"streamer_port\": \"8888\""}
{"timestamp":"2025-03-25 20:09:55.955","level":"info","event":"message","message":"\"player_port\": \"1025\""}
{"timestamp":"2025-03-25 20:09:55.955","level":"info","event":"message","message":"\"sfu_port\": \"8889\""}
{"timestamp":"2025-03-25 20:09:55.955","level":"info","event":"message","message":"\"max_players\": \"0\""}
{"timestamp":"2025-03-25 20:09:55.956","level":"info","event":"message","message":"\"serve\": \"true\""}
{"timestamp":"2025-03-25 20:09:55.956","level":"info","event":"message","message":"\"http_root\": \"www\""}
{"timestamp":"2025-03-25 20:09:55.956","level":"info","event":"message","message":"\"homepage\": \"player.html\""}
{"timestamp":"2025-03-25 20:09:55.956","level":"info","event":"message","message":"\"https\": \"false\""}
{"timestamp":"2025-03-25 20:09:55.956","level":"info","event":"message","message":"\"https_port\": \"443\""}
{"timestamp":"2025-03-25 20:09:55.957","level":"info","event":"message","message":"\"ssl_key_path\": \"certificates/client-key.pem\""}
{"timestamp":"2025-03-25 20:09:55.957","level":"info","event":"message","message":"\"ssl_cert_path\": \"certificates/client-cert.pem\""}
{"timestamp":"2025-03-25 20:09:55.957","level":"info","event":"message","message":"\"https_redirect\": \"true\""}
{"timestamp":"2025-03-25 20:09:55.957","level":"info","event":"message","message":"\"rest_api\": \"false\""}
{"timestamp":"2025-03-25 20:09:55.957","level":"info","event":"message","message":"\"peer_options\": \"\""}
{"timestamp":"2025-03-25 20:09:55.957","level":"info","event":"message","message":"\"log_config\": \"true\""}
{"timestamp":"2025-03-25 20:09:55.958","level":"info","event":"message","message":"\"stdin\": \"false\""}
{"timestamp":"2025-03-25 20:09:55.958","level":"info","event":"message","message":"\"save\": \"false\""}
{"timestamp":"2025-03-25 20:09:55.958","level":"info","event":"message","message":"\"console_messages\": \"verbose\""}
{"timestamp":"2025-03-25 20:09:55.964","level":"info","event":"message","message":"Listening for streamer connections on port 8888"}
{"timestamp":"2025-03-25 20:09:55.964","level":"info","event":"message","message":"Listening for SFU connections on port 8889"}
{"timestamp":"2025-03-25 20:09:55.965","level":"info","event":"message","message":"Http server listening on port 1025"}
{"timestamp":"2025-03-25 20:10:36.314","level":"info","event":"message","message":"@epicgames-ps/wilbur v2.1.3 starting..."}
{"timestamp":"2025-03-25 20:10:36.315","level":"info","event":"message","message":"Config:"}
{"timestamp":"2025-03-25 20:10:36.315","level":"info","event":"message","message":"\"log_folder\": \"logs\""}
{"timestamp":"2025-03-25 20:10:36.315","level":"info","event":"message","message":"\"log_level_console\": \"info\""}
{"timestamp":"2025-03-25 20:10:36.315","level":"info","event":"message","message":"\"log_level_file\": \"info\""}
{"timestamp":"2025-03-25 20:10:36.315","level":"info","event":"message","message":"\"streamer_port\": \"8888\""}
{"timestamp":"2025-03-25 20:10:36.316","level":"info","event":"message","message":"\"player_port\": \"1025\""}
{"timestamp":"2025-03-25 20:10:36.316","level":"info","event":"message","message":"\"sfu_port\": \"8889\""}
{"timestamp":"2025-03-25 20:10:36.316","level":"info","event":"message","message":"\"max_players\": \"0\""}
{"timestamp":"2025-03-25 20:10:36.316","level":"info","event":"message","message":"\"serve\": \"true\""}
{"timestamp":"2025-03-25 20:10:36.317","level":"info","event":"message","message":"\"http_root\": \"www\""}
{"timestamp":"2025-03-25 20:10:36.317","level":"info","event":"message","message":"\"homepage\": \"player.html\""}
{"timestamp":"2025-03-25 20:10:36.317","level":"info","event":"message","message":"\"https\": \"false\""}
{"timestamp":"2025-03-25 20:10:36.317","level":"info","event":"message","message":"\"https_port\": \"443\""}
{"timestamp":"2025-03-25 20:10:36.318","level":"info","event":"message","message":"\"ssl_key_path\": \"certificates/client-key.pem\""}
{"timestamp":"2025-03-25 20:10:36.318","level":"info","event":"message","message":"\"ssl_cert_path\": \"certificates/client-cert.pem\""}
{"timestamp":"2025-03-25 20:10:36.318","level":"info","event":"message","message":"\"https_redirect\": \"true\""}
{"timestamp":"2025-03-25 20:10:36.318","level":"info","event":"message","message":"\"rest_api\": \"false\""}
{"timestamp":"2025-03-25 20:10:36.318","level":"info","event":"message","message":"\"peer_options\": \"\""}
{"timestamp":"2025-03-25 20:10:36.319","level":"info","event":"message","message":"\"log_config\": \"true\""}
{"timestamp":"2025-03-25 20:10:36.319","level":"info","event":"message","message":"\"stdin\": \"false\""}
{"timestamp":"2025-03-25 20:10:36.319","level":"info","event":"message","message":"\"save\": \"false\""}
{"timestamp":"2025-03-25 20:10:36.319","level":"info","event":"message","message":"\"console_messages\": \"verbose\""}
{"timestamp":"2025-03-25 20:10:36.324","level":"info","event":"message","message":"Listening for streamer connections on port 8888"}
{"timestamp":"2025-03-25 20:10:36.325","level":"info","event":"message","message":"Listening for SFU connections on port 8889"}
{"timestamp":"2025-03-25 20:10:36.326","level":"info","event":"message","message":"Http server listening on port 1025"}
{"timestamp":"2025-03-25 20:11:05.615","level":"info","event":"message","message":"@epicgames-ps/wilbur v2.1.3 starting..."}
{"timestamp":"2025-03-25 20:11:05.616","level":"info","event":"message","message":"Config:"}
{"timestamp":"2025-03-25 20:11:05.616","level":"info","event":"message","message":"\"log_folder\": \"logs\""}
{"timestamp":"2025-03-25 20:11:05.616","level":"info","event":"message","message":"\"log_level_console\": \"info\""}
{"timestamp":"2025-03-25 20:11:05.617","level":"info","event":"message","message":"\"log_level_file\": \"info\""}
{"timestamp":"2025-03-25 20:11:05.617","level":"info","event":"message","message":"\"streamer_port\": \"8888\""}
{"timestamp":"2025-03-25 20:11:05.617","level":"info","event":"message","message":"\"player_port\": \"1025\""}
{"timestamp":"2025-03-25 20:11:05.617","level":"info","event":"message","message":"\"sfu_port\": \"8889\""}
{"timestamp":"2025-03-25 20:11:05.617","level":"info","event":"message","message":"\"max_players\": \"0\""}
{"timestamp":"2025-03-25 20:11:05.618","level":"info","event":"message","message":"\"serve\": \"true\""}
{"timestamp":"2025-03-25 20:11:05.618","level":"info","event":"message","message":"\"http_root\": \"www\""}
{"timestamp":"2025-03-25 20:11:05.618","level":"info","event":"message","message":"\"homepage\": \"player.html\""}
{"timestamp":"2025-03-25 20:11:05.618","level":"info","event":"message","message":"\"https\": \"false\""}
{"timestamp":"2025-03-25 20:11:05.619","level":"info","event":"message","message":"\"https_port\": \"443\""}
{"timestamp":"2025-03-25 20:11:05.619","level":"info","event":"message","message":"\"ssl_key_path\": \"certificates/client-key.pem\""}
{"timestamp":"2025-03-25 20:11:05.619","level":"info","event":"message","message":"\"ssl_cert_path\": \"certificates/client-cert.pem\""}
{"timestamp":"2025-03-25 20:11:05.619","level":"info","event":"message","message":"\"https_redirect\": \"true\""}
{"timestamp":"2025-03-25 20:11:05.620","level":"info","event":"message","message":"\"rest_api\": \"false\""}
{"timestamp":"2025-03-25 20:11:05.620","level":"info","event":"message","message":"\"peer_options\": \"\""}
{"timestamp":"2025-03-25 20:11:05.620","level":"info","event":"message","message":"\"log_config\": \"true\""}
{"timestamp":"2025-03-25 20:11:05.620","level":"info","event":"message","message":"\"stdin\": \"false\""}
{"timestamp":"2025-03-25 20:11:05.620","level":"info","event":"message","message":"\"save\": \"false\""}
{"timestamp":"2025-03-25 20:11:05.620","level":"info","event":"message","message":"\"console_messages\": \"verbose\""}
{"timestamp":"2025-03-25 20:11:05.625","level":"info","event":"message","message":"Listening for streamer connections on port 8888"}
{"timestamp":"2025-03-25 20:11:05.625","level":"info","event":"message","message":"Listening for SFU connections on port 8889"}
{"timestamp":"2025-03-25 20:11:05.626","level":"info","event":"message","message":"Http server listening on port 1025"}
{"timestamp":"2025-03-25 20:11:20.990","level":"info","event":"message","message":"@epicgames-ps/wilbur v2.1.3 starting..."}
{"timestamp":"2025-03-25 20:11:20.991","level":"info","event":"message","message":"Config:"}
{"timestamp":"2025-03-25 20:11:20.992","level":"info","event":"message","message":"\"log_folder\": \"logs\""}
{"timestamp":"2025-03-25 20:11:20.992","level":"info","event":"message","message":"\"log_level_console\": \"info\""}
{"timestamp":"2025-03-25 20:11:20.992","level":"info","event":"message","message":"\"log_level_file\": \"info\""}
{"timestamp":"2025-03-25 20:11:20.992","level":"info","event":"message","message":"\"streamer_port\": \"8888\""}
{"timestamp":"2025-03-25 20:11:20.992","level":"info","event":"message","message":"\"player_port\": \"1025\""}
{"timestamp":"2025-03-25 20:11:20.993","level":"info","event":"message","message":"\"sfu_port\": \"8889\""}
{"timestamp":"2025-03-25 20:11:20.993","level":"info","event":"message","message":"\"max_players\": \"0\""}
{"timestamp":"2025-03-25 20:11:20.993","level":"info","event":"message","message":"\"serve\": \"true\""}
{"timestamp":"2025-03-25 20:11:20.993","level":"info","event":"message","message":"\"http_root\": \"www\""}
{"timestamp":"2025-03-25 20:11:20.994","level":"info","event":"message","message":"\"homepage\": \"player.html\""}
{"timestamp":"2025-03-25 20:11:20.994","level":"info","event":"message","message":"\"https\": \"false\""}
{"timestamp":"2025-03-25 20:11:20.994","level":"info","event":"message","message":"\"https_port\": \"443\""}
{"timestamp":"2025-03-25 20:11:20.994","level":"info","event":"message","message":"\"ssl_key_path\": \"certificates/client-key.pem\""}
{"timestamp":"2025-03-25 20:11:20.995","level":"info","event":"message","message":"\"ssl_cert_path\": \"certificates/client-cert.pem\""}
{"timestamp":"2025-03-25 20:11:20.995","level":"info","event":"message","message":"\"https_redirect\": \"true\""}
{"timestamp":"2025-03-25 20:11:20.995","level":"info","event":"message","message":"\"rest_api\": \"false\""}
{"timestamp":"2025-03-25 20:11:20.995","level":"info","event":"message","message":"\"peer_options\": \"\""}
{"timestamp":"2025-03-25 20:11:20.995","level":"info","event":"message","message":"\"log_config\": \"true\""}
{"timestamp":"2025-03-25 20:11:20.996","level":"info","event":"message","message":"\"stdin\": \"false\""}
{"timestamp":"2025-03-25 20:11:20.996","level":"info","event":"message","message":"\"save\": \"false\""}
{"timestamp":"2025-03-25 20:11:20.996","level":"info","event":"message","message":"\"console_messages\": \"verbose\""}
{"timestamp":"2025-03-25 20:11:21.001","level":"info","event":"message","message":"Listening for streamer connections on port 8888"}
{"timestamp":"2025-03-25 20:11:21.001","level":"info","event":"message","message":"Listening for SFU connections on port 8889"}
{"timestamp":"2025-03-25 20:11:21.003","level":"info","event":"message","message":"Http server listening on port 1025"}
{"timestamp":"2025-03-25 20:11:46.021","level":"info","event":"message","message":"@epicgames-ps/wilbur v2.1.3 starting..."}
{"timestamp":"2025-03-25 20:11:46.022","level":"info","event":"message","message":"Config:"}
{"timestamp":"2025-03-25 20:11:46.022","level":"info","event":"message","message":"\"log_folder\": \"logs\""}
{"timestamp":"2025-03-25 20:11:46.023","level":"info","event":"message","message":"\"log_level_console\": \"info\""}
{"timestamp":"2025-03-25 20:11:46.023","level":"info","event":"message","message":"\"log_level_file\": \"info\""}
{"timestamp":"2025-03-25 20:11:46.023","level":"info","event":"message","message":"\"streamer_port\": \"8888\""}
{"timestamp":"2025-03-25 20:11:46.023","level":"info","event":"message","message":"\"player_port\": \"1025\""}
{"timestamp":"2025-03-25 20:11:46.023","level":"info","event":"message","message":"\"sfu_port\": \"8889\""}
{"timestamp":"2025-03-25 20:11:46.024","level":"info","event":"message","message":"\"max_players\": \"0\""}
{"timestamp":"2025-03-25 20:11:46.024","level":"info","event":"message","message":"\"serve\": \"true\""}
{"timestamp":"2025-03-25 20:11:46.024","level":"info","event":"message","message":"\"http_root\": \"www\""}
{"timestamp":"2025-03-25 20:11:46.024","level":"info","event":"message","message":"\"homepage\": \"player.html\""}
{"timestamp":"2025-03-25 20:11:46.024","level":"info","event":"message","message":"\"https\": \"false\""}
{"timestamp":"2025-03-25 20:11:46.025","level":"info","event":"message","message":"\"https_port\": \"443\""}
{"timestamp":"2025-03-25 20:11:46.025","level":"info","event":"message","message":"\"ssl_key_path\": \"certificates/client-key.pem\""}
{"timestamp":"2025-03-25 20:11:46.025","level":"info","event":"message","message":"\"ssl_cert_path\": \"certificates/client-cert.pem\""}
{"timestamp":"2025-03-25 20:11:46.025","level":"info","event":"message","message":"\"https_redirect\": \"true\""}
{"timestamp":"2025-03-25 20:11:46.025","level":"info","event":"message","message":"\"rest_api\": \"false\""}
{"timestamp":"2025-03-25 20:11:46.025","level":"info","event":"message","message":"\"peer_options\": \"\""}
{"timestamp":"2025-03-25 20:11:46.026","level":"info","event":"message","message":"\"log_config\": \"true\""}
{"timestamp":"2025-03-25 20:11:46.026","level":"info","event":"message","message":"\"stdin\": \"false\""}
{"timestamp":"2025-03-25 20:11:46.026","level":"info","event":"message","message":"\"save\": \"false\""}
{"timestamp":"2025-03-25 20:11:46.026","level":"info","event":"message","message":"\"console_messages\": \"verbose\""}
{"timestamp":"2025-03-25 20:11:46.030","level":"info","event":"message","message":"Listening for streamer connections on port 8888"}
{"timestamp":"2025-03-25 20:11:46.031","level":"info","event":"message","message":"Listening for SFU connections on port 8889"}
{"timestamp":"2025-03-25 20:11:46.032","level":"info","event":"message","message":"Http server listening on port 1025"}
{"timestamp":"2025-03-25 20:12:06.419","level":"info","event":"message","message":"@epicgames-ps/wilbur v2.1.3 starting..."}
{"timestamp":"2025-03-25 20:12:06.420","level":"info","event":"message","message":"Config:"}
{"timestamp":"2025-03-25 20:12:06.420","level":"info","event":"message","message":"\"log_folder\": \"logs\""}
{"timestamp":"2025-03-25 20:12:06.420","level":"info","event":"message","message":"\"log_level_console\": \"info\""}
{"timestamp":"2025-03-25 20:12:06.421","level":"info","event":"message","message":"\"log_level_file\": \"info\""}
{"timestamp":"2025-03-25 20:12:06.421","level":"info","event":"message","message":"\"streamer_port\": \"8888\""}
{"timestamp":"2025-03-25 20:12:06.421","level":"info","event":"message","message":"\"player_port\": \"1025\""}
{"timestamp":"2025-03-25 20:12:06.421","level":"info","event":"message","message":"\"sfu_port\": \"8889\""}
{"timestamp":"2025-03-25 20:12:06.422","level":"info","event":"message","message":"\"max_players\": \"0\""}
{"timestamp":"2025-03-25 20:12:06.422","level":"info","event":"message","message":"\"serve\": \"true\""}
{"timestamp":"2025-03-25 20:12:06.422","level":"info","event":"message","message":"\"http_root\": \"www\""}
{"timestamp":"2025-03-25 20:12:06.422","level":"info","event":"message","message":"\"homepage\": \"player.html\""}
{"timestamp":"2025-03-25 20:12:06.423","level":"info","event":"message","message":"\"https\": \"false\""}
{"timestamp":"2025-03-25 20:12:06.423","level":"info","event":"message","message":"\"https_port\": \"443\""}
{"timestamp":"2025-03-25 20:12:06.423","level":"info","event":"message","message":"\"ssl_key_path\": \"certificates/client-key.pem\""}
{"timestamp":"2025-03-25 20:12:06.423","level":"info","event":"message","message":"\"ssl_cert_path\": \"certificates/client-cert.pem\""}
{"timestamp":"2025-03-25 20:12:06.423","level":"info","event":"message","message":"\"https_redirect\": \"true\""}
{"timestamp":"2025-03-25 20:12:06.424","level":"info","event":"message","message":"\"rest_api\": \"false\""}
{"timestamp":"2025-03-25 20:12:06.424","level":"info","event":"message","message":"\"peer_options\": \"\""}
{"timestamp":"2025-03-25 20:12:06.424","level":"info","event":"message","message":"\"log_config\": \"true\""}
{"timestamp":"2025-03-25 20:12:06.424","level":"info","event":"message","message":"\"stdin\": \"false\""}
{"timestamp":"2025-03-25 20:12:06.424","level":"info","event":"message","message":"\"save\": \"false\""}
{"timestamp":"2025-03-25 20:12:06.425","level":"info","event":"message","message":"\"console_messages\": \"verbose\""}
{"timestamp":"2025-03-25 20:12:06.429","level":"info","event":"message","message":"Listening for streamer connections on port 8888"}
{"timestamp":"2025-03-25 20:12:06.430","level":"info","event":"message","message":"Listening for SFU connections on port 8889"}
{"timestamp":"2025-03-25 20:12:06.431","level":"info","event":"message","message":"Http server listening on port 1025"}
{"timestamp":"2025-03-25 20:13:05.128","level":"info","event":"message","message":"@epicgames-ps/wilbur v2.1.3 starting..."}
{"timestamp":"2025-03-25 20:13:05.129","level":"info","event":"message","message":"Config:"}
{"timestamp":"2025-03-25 20:13:05.129","level":"info","event":"message","message":"\"log_folder\": \"logs\""}
{"timestamp":"2025-03-25 20:13:05.129","level":"info","event":"message","message":"\"log_level_console\": \"info\""}
{"timestamp":"2025-03-25 20:13:05.129","level":"info","event":"message","message":"\"log_level_file\": \"info\""}
{"timestamp":"2025-03-25 20:13:05.130","level":"info","event":"message","message":"\"streamer_port\": \"8888\""}
{"timestamp":"2025-03-25 20:13:05.130","level":"info","event":"message","message":"\"player_port\": \"80\""}
{"timestamp":"2025-03-25 20:13:05.130","level":"info","event":"message","message":"\"sfu_port\": \"8889\""}
{"timestamp":"2025-03-25 20:13:05.131","level":"info","event":"message","message":"\"max_players\": \"0\""}
{"timestamp":"2025-03-25 20:13:05.131","level":"info","event":"message","message":"\"serve\": \"true\""}
{"timestamp":"2025-03-25 20:13:05.131","level":"info","event":"message","message":"\"http_root\": \"www\""}
{"timestamp":"2025-03-25 20:13:05.131","level":"info","event":"message","message":"\"homepage\": \"player.html\""}
{"timestamp":"2025-03-25 20:13:05.132","level":"info","event":"message","message":"\"https\": \"false\""}
{"timestamp":"2025-03-25 20:13:05.132","level":"info","event":"message","message":"\"https_port\": \"443\""}
{"timestamp":"2025-03-25 20:13:05.133","level":"info","event":"message","message":"\"ssl_key_path\": \"certificates/client-key.pem\""}
{"timestamp":"2025-03-25 20:13:05.133","level":"info","event":"message","message":"\"ssl_cert_path\": \"certificates/client-cert.pem\""}
{"timestamp":"2025-03-25 20:13:05.133","level":"info","event":"message","message":"\"https_redirect\": \"true\""}
{"timestamp":"2025-03-25 20:13:05.133","level":"info","event":"message","message":"\"rest_api\": \"false\""}
{"timestamp":"2025-03-25 20:13:05.133","level":"info","event":"message","message":"\"peer_options\": \"\""}
{"timestamp":"2025-03-25 20:13:05.134","level":"info","event":"message","message":"\"log_config\": \"true\""}
{"timestamp":"2025-03-25 20:13:05.134","level":"info","event":"message","message":"\"stdin\": \"false\""}
{"timestamp":"2025-03-25 20:13:05.134","level":"info","event":"message","message":"\"save\": \"false\""}
{"timestamp":"2025-03-25 20:13:05.135","level":"info","event":"message","message":"\"console_messages\": \"verbose\""}
{"timestamp":"2025-03-25 20:13:05.168","level":"info","event":"message","message":"Listening for streamer connections on port 8888"}
{"timestamp":"2025-03-25 20:13:05.168","level":"info","event":"message","message":"Listening for SFU connections on port 8889"}
{"timestamp":"2025-03-25 20:13:05.170","level":"info","event":"message","message":"Http server listening on port 80"}
{"timestamp":"2025-03-25 20:13:16.629","level":"info","event":"message","message":"New player connection: ::ffff:127.0.0.1 (/)"}
{"timestamp":"2025-03-25 20:13:16.630","level":"info","event":"message","message":"Registered new player: Player0"}
{"timestamp":"2025-03-25 20:13:16.630","level":"info","event":"proto_message","direction":"outgoing","sender":"Player0","protoMessage":{"type":"config","peerConnectionOptions":{},"protocolVersion":"1.3.0"}}
{"timestamp":"2025-03-25 20:13:16.632","level":"info","event":"proto_message","direction":"incoming","receiver":"Player0","protoMessage":{"type":"listStreamers"}}
{"timestamp":"2025-03-25 20:13:16.632","level":"info","event":"proto_message","direction":"outgoing","sender":"Player0","protoMessage":{"type":"streamerList","ids":[]}}
{"timestamp":"2025-03-25 20:13:19.842","level":"info","event":"proto_message","direction":"incoming","receiver":"Player0","protoMessage":{"type":"listStreamers"}}
{"timestamp":"2025-03-25 20:13:19.843","level":"info","event":"proto_message","direction":"outgoing","sender":"Player0","protoMessage":{"type":"streamerList","ids":[]}}
{"timestamp":"2025-03-25 20:13:23.846","level":"info","event":"proto_message","direction":"incoming","receiver":"Player0","protoMessage":{"type":"listStreamers"}}
{"timestamp":"2025-03-25 20:13:23.846","level":"info","event":"proto_message","direction":"outgoing","sender":"Player0","protoMessage":{"type":"streamerList","ids":[]}}
{"timestamp":"2025-03-25 20:13:27.852","level":"info","event":"proto_message","direction":"incoming","receiver":"Player0","protoMessage":{"type":"listStreamers"}}
{"timestamp":"2025-03-25 20:13:27.852","level":"info","event":"proto_message","direction":"outgoing","sender":"Player0","protoMessage":{"type":"streamerList","ids":[]}}
{"timestamp":"2025-03-25 20:13:46.845","level":"info","event":"proto_message","direction":"incoming","receiver":"Player0","protoMessage":{"type":"ping","time":1742904826844}}
{"timestamp":"2025-03-25 20:13:46.845","level":"info","event":"proto_message","direction":"outgoing","sender":"Player0","protoMessage":{"type":"pong","time":1742904826844}}
{"timestamp":"2025-03-25 20:13:52.673","level":"info","event":"message","message":"@epicgames-ps/wilbur v2.1.3 starting..."}
{"timestamp":"2025-03-25 20:13:52.674","level":"info","event":"message","message":"Config:"}
{"timestamp":"2025-03-25 20:13:52.674","level":"info","event":"message","message":"\"log_folder\": \"logs\""}
{"timestamp":"2025-03-25 20:13:52.674","level":"info","event":"message","message":"\"log_level_console\": \"info\""}
{"timestamp":"2025-03-25 20:13:52.674","level":"info","event":"message","message":"\"log_level_file\": \"info\""}
{"timestamp":"2025-03-25 20:13:52.675","level":"info","event":"message","message":"\"streamer_port\": \"8888\""}
{"timestamp":"2025-03-25 20:13:52.675","level":"info","event":"message","message":"\"player_port\": \"80\""}
{"timestamp":"2025-03-25 20:13:52.675","level":"info","event":"message","message":"\"sfu_port\": \"8889\""}
{"timestamp":"2025-03-25 20:13:52.675","level":"info","event":"message","message":"\"max_players\": \"0\""}
{"timestamp":"2025-03-25 20:13:52.676","level":"info","event":"message","message":"\"serve\": \"true\""}
{"timestamp":"2025-03-25 20:13:52.676","level":"info","event":"message","message":"\"http_root\": \"www\""}
{"timestamp":"2025-03-25 20:13:52.676","level":"info","event":"message","message":"\"homepage\": \"player.html\""}
{"timestamp":"2025-03-25 20:13:52.676","level":"info","event":"message","message":"\"https\": \"false\""}
{"timestamp":"2025-03-25 20:13:52.677","level":"info","event":"message","message":"\"https_port\": \"443\""}
{"timestamp":"2025-03-25 20:13:52.677","level":"info","event":"message","message":"\"ssl_key_path\": \"certificates/client-key.pem\""}
{"timestamp":"2025-03-25 20:13:52.677","level":"info","event":"message","message":"\"ssl_cert_path\": \"certificates/client-cert.pem\""}
{"timestamp":"2025-03-25 20:13:52.677","level":"info","event":"message","message":"\"https_redirect\": \"true\""}
{"timestamp":"2025-03-25 20:13:52.677","level":"info","event":"message","message":"\"rest_api\": \"false\""}
{"timestamp":"2025-03-25 20:13:52.678","level":"info","event":"message","message":"\"peer_options\": \"\""}
{"timestamp":"2025-03-25 20:13:52.678","level":"info","event":"message","message":"\"log_config\": \"true\""}
{"timestamp":"2025-03-25 20:13:52.678","level":"info","event":"message","message":"\"stdin\": \"false\""}
{"timestamp":"2025-03-25 20:13:52.678","level":"info","event":"message","message":"\"save\": \"false\""}
{"timestamp":"2025-03-25 20:13:52.678","level":"info","event":"message","message":"\"console_messages\": \"verbose\""}
{"timestamp":"2025-03-25 20:13:52.683","level":"info","event":"message","message":"Listening for streamer connections on port 8888"}
{"timestamp":"2025-03-25 20:13:52.683","level":"info","event":"message","message":"Listening for SFU connections on port 8889"}
{"timestamp":"2025-03-25 20:13:52.684","level":"info","event":"message","message":"Http server listening on port 80"}
{"timestamp":"2025-03-25 20:15:24.744","level":"info","event":"message","message":"@epicgames-ps/wilbur v2.1.3 starting..."}
{"timestamp":"2025-03-25 20:15:24.744","level":"info","event":"message","message":"Config:"}
{"timestamp":"2025-03-25 20:15:24.745","level":"info","event":"message","message":"\"log_folder\": \"logs\""}
{"timestamp":"2025-03-25 20:15:24.745","level":"info","event":"message","message":"\"log_level_console\": \"info\""}
{"timestamp":"2025-03-25 20:15:24.745","level":"info","event":"message","message":"\"log_level_file\": \"info\""}
{"timestamp":"2025-03-25 20:15:24.746","level":"info","event":"message","message":"\"streamer_port\": \"8888\""}
{"timestamp":"2025-03-25 20:15:24.746","level":"info","event":"message","message":"\"player_port\": \"80\""}
{"timestamp":"2025-03-25 20:15:24.747","level":"info","event":"message","message":"\"sfu_port\": \"8889\""}
{"timestamp":"2025-03-25 20:15:24.747","level":"info","event":"message","message":"\"max_players\": \"0\""}
{"timestamp":"2025-03-25 20:15:24.747","level":"info","event":"message","message":"\"serve\": \"true\""}
{"timestamp":"2025-03-25 20:15:24.748","level":"info","event":"message","message":"\"http_root\": \"www\""}
{"timestamp":"2025-03-25 20:15:24.748","level":"info","event":"message","message":"\"homepage\": \"player.html\""}
{"timestamp":"2025-03-25 20:15:24.752","level":"info","event":"message","message":"\"https\": \"false\""}
{"timestamp":"2025-03-25 20:15:24.752","level":"info","event":"message","message":"\"https_port\": \"443\""}
{"timestamp":"2025-03-25 20:15:24.753","level":"info","event":"message","message":"\"ssl_key_path\": \"certificates/client-key.pem\""}
{"timestamp":"2025-03-25 20:15:24.753","level":"info","event":"message","message":"\"ssl_cert_path\": \"certificates/client-cert.pem\""}
{"timestamp":"2025-03-25 20:15:24.753","level":"info","event":"message","message":"\"https_redirect\": \"true\""}
{"timestamp":"2025-03-25 20:15:24.754","level":"info","event":"message","message":"\"rest_api\": \"false\""}
{"timestamp":"2025-03-25 20:15:24.754","level":"info","event":"message","message":"\"peer_options\": \"\""}
{"timestamp":"2025-03-25 20:15:24.754","level":"info","event":"message","message":"\"log_config\": \"true\""}
{"timestamp":"2025-03-25 20:15:24.754","level":"info","event":"message","message":"\"stdin\": \"false\""}
{"timestamp":"2025-03-25 20:15:24.754","level":"info","event":"message","message":"\"save\": \"false\""}
{"timestamp":"2025-03-25 20:15:24.754","level":"info","event":"message","message":"\"console_messages\": \"verbose\""}
{"timestamp":"2025-03-25 20:15:24.759","level":"info","event":"message","message":"Listening for streamer connections on port 8888"}
{"timestamp":"2025-03-25 20:15:24.759","level":"info","event":"message","message":"Listening for SFU connections on port 8889"}
{"timestamp":"2025-03-25 20:15:24.761","level":"info","event":"message","message":"Http server listening on port 80"}
{"timestamp":"2025-03-25 20:17:08.596","level":"info","event":"message","message":"@epicgames-ps/wilbur v2.1.3 starting..."}
{"timestamp":"2025-03-25 20:17:08.596","level":"info","event":"message","message":"Config:"}
{"timestamp":"2025-03-25 20:17:08.597","level":"info","event":"message","message":"\"log_folder\": \"logs\""}
{"timestamp":"2025-03-25 20:17:08.597","level":"info","event":"message","message":"\"log_level_console\": \"info\""}
{"timestamp":"2025-03-25 20:17:08.597","level":"info","event":"message","message":"\"log_level_file\": \"info\""}
{"timestamp":"2025-03-25 20:17:08.598","level":"info","event":"message","message":"\"streamer_port\": \"8888\""}
{"timestamp":"2025-03-25 20:17:08.598","level":"info","event":"message","message":"\"player_port\": \"1025\""}
{"timestamp":"2025-03-25 20:17:08.598","level":"info","event":"message","message":"\"sfu_port\": \"8889\""}
{"timestamp":"2025-03-25 20:17:08.599","level":"info","event":"message","message":"\"max_players\": \"0\""}
{"timestamp":"2025-03-25 20:17:08.599","level":"info","event":"message","message":"\"serve\": \"true\""}
{"timestamp":"2025-03-25 20:17:08.599","level":"info","event":"message","message":"\"http_root\": \"www\""}
{"timestamp":"2025-03-25 20:17:08.599","level":"info","event":"message","message":"\"homepage\": \"player.html\""}
{"timestamp":"2025-03-25 20:17:08.600","level":"info","event":"message","message":"\"https\": \"false\""}
{"timestamp":"2025-03-25 20:17:08.600","level":"info","event":"message","message":"\"https_port\": \"443\""}
{"timestamp":"2025-03-25 20:17:08.600","level":"info","event":"message","message":"\"ssl_key_path\": \"certificates/client-key.pem\""}
{"timestamp":"2025-03-25 20:17:08.601","level":"info","event":"message","message":"\"ssl_cert_path\": \"certificates/client-cert.pem\""}
{"timestamp":"2025-03-25 20:17:08.601","level":"info","event":"message","message":"\"https_redirect\": \"true\""}
{"timestamp":"2025-03-25 20:17:08.601","level":"info","event":"message","message":"\"rest_api\": \"false\""}
{"timestamp":"2025-03-25 20:17:08.601","level":"info","event":"message","message":"\"peer_options\": \"\""}
{"timestamp":"2025-03-25 20:17:08.602","level":"info","event":"message","message":"\"log_config\": \"true\""}
{"timestamp":"2025-03-25 20:17:08.602","level":"info","event":"message","message":"\"stdin\": \"false\""}
{"timestamp":"2025-03-25 20:17:08.602","level":"info","event":"message","message":"\"save\": \"false\""}
{"timestamp":"2025-03-25 20:17:08.602","level":"info","event":"message","message":"\"console_messages\": \"verbose\""}
{"timestamp":"2025-03-25 20:17:08.607","level":"info","event":"message","message":"Listening for streamer connections on port 8888"}
{"timestamp":"2025-03-25 20:17:08.607","level":"info","event":"message","message":"Listening for SFU connections on port 8889"}
{"timestamp":"2025-03-25 20:17:08.608","level":"info","event":"message","message":"Http server listening on port 1025"}
{"timestamp":"2025-03-25 20:17:26.618","level":"info","event":"message","message":"@epicgames-ps/wilbur v2.1.3 starting..."}
{"timestamp":"2025-03-25 20:17:26.619","level":"info","event":"message","message":"Config:"}
{"timestamp":"2025-03-25 20:17:26.619","level":"info","event":"message","message":"\"log_folder\": \"logs\""}
{"timestamp":"2025-03-25 20:17:26.619","level":"info","event":"message","message":"\"log_level_console\": \"info\""}
{"timestamp":"2025-03-25 20:17:26.620","level":"info","event":"message","message":"\"log_level_file\": \"info\""}
{"timestamp":"2025-03-25 20:17:26.620","level":"info","event":"message","message":"\"streamer_port\": \"8888\""}
{"timestamp":"2025-03-25 20:17:26.620","level":"info","event":"message","message":"\"player_port\": \"1025\""}
{"timestamp":"2025-03-25 20:17:26.620","level":"info","event":"message","message":"\"sfu_port\": \"8889\""}
{"timestamp":"2025-03-25 20:17:26.621","level":"info","event":"message","message":"\"max_players\": \"0\""}
{"timestamp":"2025-03-25 20:17:26.621","level":"info","event":"message","message":"\"serve\": \"true\""}
{"timestamp":"2025-03-25 20:17:26.621","level":"info","event":"message","message":"\"http_root\": \"www\""}
{"timestamp":"2025-03-25 20:17:26.621","level":"info","event":"message","message":"\"homepage\": \"player.html\""}
{"timestamp":"2025-03-25 20:17:26.621","level":"info","event":"message","message":"\"https\": \"false\""}
{"timestamp":"2025-03-25 20:17:26.622","level":"info","event":"message","message":"\"https_port\": \"443\""}
{"timestamp":"2025-03-25 20:17:26.622","level":"info","event":"message","message":"\"ssl_key_path\": \"certificates/client-key.pem\""}
{"timestamp":"2025-03-25 20:17:26.622","level":"info","event":"message","message":"\"ssl_cert_path\": \"certificates/client-cert.pem\""}
{"timestamp":"2025-03-25 20:17:26.623","level":"info","event":"message","message":"\"https_redirect\": \"true\""}
{"timestamp":"2025-03-25 20:17:26.623","level":"info","event":"message","message":"\"rest_api\": \"false\""}
{"timestamp":"2025-03-25 20:17:26.623","level":"info","event":"message","message":"\"peer_options\": \"\""}
{"timestamp":"2025-03-25 20:17:26.624","level":"info","event":"message","message":"\"log_config\": \"true\""}
{"timestamp":"2025-03-25 20:17:26.624","level":"info","event":"message","message":"\"stdin\": \"false\""}
{"timestamp":"2025-03-25 20:17:26.624","level":"info","event":"message","message":"\"save\": \"false\""}
{"timestamp":"2025-03-25 20:17:26.624","level":"info","event":"message","message":"\"console_messages\": \"verbose\""}
{"timestamp":"2025-03-25 20:17:26.630","level":"info","event":"message","message":"Listening for streamer connections on port 8888"}
{"timestamp":"2025-03-25 20:17:26.630","level":"info","event":"message","message":"Listening for SFU connections on port 8889"}
{"timestamp":"2025-03-25 20:17:26.631","level":"info","event":"message","message":"Http server listening on port 1025"}
{"timestamp":"2025-03-25 20:18:13.052","level":"info","event":"message","message":"@epicgames-ps/wilbur v2.1.3 starting..."}
{"timestamp":"2025-03-25 20:18:13.052","level":"info","event":"message","message":"Config:"}
{"timestamp":"2025-03-25 20:18:13.052","level":"info","event":"message","message":"\"log_folder\": \"logs\""}
{"timestamp":"2025-03-25 20:18:13.053","level":"info","event":"message","message":"\"log_level_console\": \"info\""}
{"timestamp":"2025-03-25 20:18:13.053","level":"info","event":"message","message":"\"log_level_file\": \"info\""}
{"timestamp":"2025-03-25 20:18:13.053","level":"info","event":"message","message":"\"streamer_port\": \"8888\""}
{"timestamp":"2025-03-25 20:18:13.053","level":"info","event":"message","message":"\"player_port\": \"1025\""}
{"timestamp":"2025-03-25 20:18:13.054","level":"info","event":"message","message":"\"sfu_port\": \"8889\""}
{"timestamp":"2025-03-25 20:18:13.054","level":"info","event":"message","message":"\"max_players\": \"0\""}
{"timestamp":"2025-03-25 20:18:13.054","level":"info","event":"message","message":"\"serve\": \"true\""}
{"timestamp":"2025-03-25 20:18:13.054","level":"info","event":"message","message":"\"http_root\": \"www\""}
{"timestamp":"2025-03-25 20:18:13.055","level":"info","event":"message","message":"\"homepage\": \"player.html\""}
{"timestamp":"2025-03-25 20:18:13.055","level":"info","event":"message","message":"\"https\": \"false\""}
{"timestamp":"2025-03-25 20:18:13.055","level":"info","event":"message","message":"\"https_port\": \"443\""}
{"timestamp":"2025-03-25 20:18:13.056","level":"info","event":"message","message":"\"ssl_key_path\": \"certificates/client-key.pem\""}
{"timestamp":"2025-03-25 20:18:13.056","level":"info","event":"message","message":"\"ssl_cert_path\": \"certificates/client-cert.pem\""}
{"timestamp":"2025-03-25 20:18:13.057","level":"info","event":"message","message":"\"https_redirect\": \"true\""}
{"timestamp":"2025-03-25 20:18:13.057","level":"info","event":"message","message":"\"rest_api\": \"false\""}
{"timestamp":"2025-03-25 20:18:13.057","level":"info","event":"message","message":"\"peer_options\": \"\""}
{"timestamp":"2025-03-25 20:18:13.058","level":"info","event":"message","message":"\"log_config\": \"true\""}
{"timestamp":"2025-03-25 20:18:13.058","level":"info","event":"message","message":"\"stdin\": \"false\""}
{"timestamp":"2025-03-25 20:18:13.058","level":"info","event":"message","message":"\"save\": \"false\""}
{"timestamp":"2025-03-25 20:18:13.058","level":"info","event":"message","message":"\"console_messages\": \"verbose\""}
{"timestamp":"2025-03-25 20:18:13.062","level":"info","event":"message","message":"Listening for streamer connections on port 8888"}
{"timestamp":"2025-03-25 20:18:13.063","level":"info","event":"message","message":"Listening for SFU connections on port 8889"}
{"timestamp":"2025-03-25 20:18:13.064","level":"info","event":"message","message":"Http server listening on port 1025"}
{"timestamp":"2025-03-25 20:18:54.750","level":"info","event":"message","message":"@epicgames-ps/wilbur v2.1.3 starting..."}
{"timestamp":"2025-03-25 20:18:54.751","level":"info","event":"message","message":"Config:"}
{"timestamp":"2025-03-25 20:18:54.751","level":"info","event":"message","message":"\"log_folder\": \"logs\""}
{"timestamp":"2025-03-25 20:18:54.751","level":"info","event":"message","message":"\"log_level_console\": \"info\""}
{"timestamp":"2025-03-25 20:18:54.752","level":"info","event":"message","message":"\"log_level_file\": \"info\""}
{"timestamp":"2025-03-25 20:18:54.752","level":"info","event":"message","message":"\"streamer_port\": \"8888\""}
{"timestamp":"2025-03-25 20:18:54.752","level":"info","event":"message","message":"\"player_port\": \"1025\""}
{"timestamp":"2025-03-25 20:18:54.753","level":"info","event":"message","message":"\"sfu_port\": \"8889\""}
{"timestamp":"2025-03-25 20:18:54.753","level":"info","event":"message","message":"\"max_players\": \"0\""}
{"timestamp":"2025-03-25 20:18:54.753","level":"info","event":"message","message":"\"serve\": \"false\""}
{"timestamp":"2025-03-25 20:18:54.753","level":"info","event":"message","message":"\"http_root\": \"www\""}
{"timestamp":"2025-03-25 20:18:54.754","level":"info","event":"message","message":"\"homepage\": \"player.html\""}
{"timestamp":"2025-03-25 20:18:54.754","level":"info","event":"message","message":"\"https\": \"false\""}
{"timestamp":"2025-03-25 20:18:54.754","level":"info","event":"message","message":"\"https_port\": \"443\""}
{"timestamp":"2025-03-25 20:18:54.754","level":"info","event":"message","message":"\"ssl_key_path\": \"certificates/client-key.pem\""}
{"timestamp":"2025-03-25 20:18:54.755","level":"info","event":"message","message":"\"ssl_cert_path\": \"certificates/client-cert.pem\""}
{"timestamp":"2025-03-25 20:18:54.755","level":"info","event":"message","message":"\"https_redirect\": \"true\""}
{"timestamp":"2025-03-25 20:18:54.755","level":"info","event":"message","message":"\"rest_api\": \"false\""}
{"timestamp":"2025-03-25 20:18:54.755","level":"info","event":"message","message":"\"peer_options\": \"\""}
{"timestamp":"2025-03-25 20:18:54.755","level":"info","event":"message","message":"\"log_config\": \"true\""}
{"timestamp":"2025-03-25 20:18:54.756","level":"info","event":"message","message":"\"stdin\": \"false\""}
{"timestamp":"2025-03-25 20:18:54.756","level":"info","event":"message","message":"\"save\": \"false\""}
{"timestamp":"2025-03-25 20:18:54.756","level":"info","event":"message","message":"\"console_messages\": \"verbose\""}
{"timestamp":"2025-03-25 20:18:54.759","level":"info","event":"message","message":"Listening for streamer connections on port 8888"}
{"timestamp":"2025-03-25 20:18:54.759","level":"info","event":"message","message":"Listening for player connections on port 1025"}
{"timestamp":"2025-03-25 20:18:54.760","level":"info","event":"message","message":"Listening for SFU connections on port 8889"}
{"timestamp":"2025-03-25 20:20:56.591","level":"info","event":"message","message":"New streamer connection: ::ffff:127.0.0.1"}
{"timestamp":"2025-03-25 20:20:56.592","level":"info","event":"proto_message","direction":"outgoing","sender":"UnknownStreamer","protoMessage":{"type":"identify"}}
{"timestamp":"2025-03-25 20:20:56.594","level":"info","event":"proto_message","direction":"outgoing","sender":"UnknownStreamer","protoMessage":{"type":"config","peerConnectionOptions":{},"protocolVersion":"1.3.0"}}
{"timestamp":"2025-03-25 20:20:57.315","level":"info","event":"proto_message","direction":"incoming","receiver":"UnknownStreamer","protoMessage":{"id":"DefaultStreamer","protocolVersion":"1.1.0","type":"endpointId"}}
{"timestamp":"2025-03-25 20:20:57.315","level":"info","event":"proto_message","direction":"outgoing","sender":"DefaultStreamer","protoMessage":{"type":"endpointIdConfirm","committedId":"DefaultStreamer"}}
{"timestamp":"2025-03-25 20:20:57.346","level":"info","event":"proto_message","direction":"incoming","receiver":"DefaultStreamer","protoMessage":{"type":"ping","time":1742905257}}
{"timestamp":"2025-03-25 20:20:57.347","level":"info","event":"proto_message","direction":"outgoing","sender":"DefaultStreamer","protoMessage":{"type":"pong","time":1742905257}}
{"timestamp":"2025-03-25 20:21:27.327","level":"info","event":"proto_message","direction":"incoming","receiver":"DefaultStreamer","protoMessage":{"type":"ping","time":1742905287}}
{"timestamp":"2025-03-25 20:21:27.327","level":"info","event":"proto_message","direction":"outgoing","sender":"DefaultStreamer","protoMessage":{"type":"pong","time":1742905287}}
{"timestamp":"2025-03-25 20:21:29.139","level":"info","event":"message","message":"Streamer 'DefaultStreamer' - websocket disconnected."}
{"timestamp":"2025-03-25 20:21:29.139","level":"info","event":"message","message":"Streamer DefaultStreamer (::ffff:127.0.0.1) disconnected."}
{"timestamp":"2025-03-25 20:25:57.787","level":"info","event":"message","message":"@epicgames-ps/wilbur v2.1.3 starting..."}
{"timestamp":"2025-03-25 20:25:57.788","level":"info","event":"message","message":"Config:"}
{"timestamp":"2025-03-25 20:25:57.788","level":"info","event":"message","message":"\"log_folder\": \"logs\""}
{"timestamp":"2025-03-25 20:25:57.788","level":"info","event":"message","message":"\"log_level_console\": \"info\""}
{"timestamp":"2025-03-25 20:25:57.788","level":"info","event":"message","message":"\"log_level_file\": \"info\""}
{"timestamp":"2025-03-25 20:25:57.789","level":"info","event":"message","message":"\"streamer_port\": \"8888\""}
{"timestamp":"2025-03-25 20:25:57.789","level":"info","event":"message","message":"\"player_port\": \"1025\""}
{"timestamp":"2025-03-25 20:25:57.789","level":"info","event":"message","message":"\"sfu_port\": \"8889\""}
{"timestamp":"2025-03-25 20:25:57.789","level":"info","event":"message","message":"\"max_players\": \"0\""}
{"timestamp":"2025-03-25 20:25:57.790","level":"info","event":"message","message":"\"serve\": \"false\""}
{"timestamp":"2025-03-25 20:25:57.790","level":"info","event":"message","message":"\"http_root\": \"www\""}
{"timestamp":"2025-03-25 20:25:57.790","level":"info","event":"message","message":"\"homepage\": \"player.html\""}
{"timestamp":"2025-03-25 20:25:57.790","level":"info","event":"message","message":"\"https\": \"false\""}
{"timestamp":"2025-03-25 20:25:57.791","level":"info","event":"message","message":"\"https_port\": \"443\""}
{"timestamp":"2025-03-25 20:25:57.791","level":"info","event":"message","message":"\"ssl_key_path\": \"certificates/client-key.pem\""}
{"timestamp":"2025-03-25 20:25:57.791","level":"info","event":"message","message":"\"ssl_cert_path\": \"certificates/client-cert.pem\""}
{"timestamp":"2025-03-25 20:25:57.791","level":"info","event":"message","message":"\"https_redirect\": \"true\""}
{"timestamp":"2025-03-25 20:25:57.792","level":"info","event":"message","message":"\"rest_api\": \"false\""}
{"timestamp":"2025-03-25 20:25:57.792","level":"info","event":"message","message":"\"peer_options\": \"\""}
{"timestamp":"2025-03-25 20:25:57.792","level":"info","event":"message","message":"\"log_config\": \"true\""}
{"timestamp":"2025-03-25 20:25:57.792","level":"info","event":"message","message":"\"stdin\": \"false\""}
{"timestamp":"2025-03-25 20:25:57.792","level":"info","event":"message","message":"\"save\": \"false\""}
{"timestamp":"2025-03-25 20:25:57.793","level":"info","event":"message","message":"\"console_messages\": \"verbose\""}
{"timestamp":"2025-03-25 20:25:57.796","level":"info","event":"message","message":"Listening for streamer connections on port 8888"}
{"timestamp":"2025-03-25 20:25:57.796","level":"info","event":"message","message":"Listening for player connections on port 1025"}
{"timestamp":"2025-03-25 20:25:57.797","level":"info","event":"message","message":"Listening for SFU connections on port 8889"}
{"timestamp":"2025-03-25 20:26:23.849","level":"info","event":"message","message":"@epicgames-ps/wilbur v2.1.3 starting..."}
{"timestamp":"2025-03-25 20:26:23.850","level":"info","event":"message","message":"Config:"}
{"timestamp":"2025-03-25 20:26:23.850","level":"info","event":"message","message":"\"log_folder\": \"logs\""}
{"timestamp":"2025-03-25 20:26:23.850","level":"info","event":"message","message":"\"log_level_console\": \"info\""}
{"timestamp":"2025-03-25 20:26:23.850","level":"info","event":"message","message":"\"log_level_file\": \"info\""}
{"timestamp":"2025-03-25 20:26:23.850","level":"info","event":"message","message":"\"streamer_port\": \"8888\""}
{"timestamp":"2025-03-25 20:26:23.851","level":"info","event":"message","message":"\"player_port\": \"1025\""}
{"timestamp":"2025-03-25 20:26:23.851","level":"info","event":"message","message":"\"sfu_port\": \"8889\""}
{"timestamp":"2025-03-25 20:26:23.851","level":"info","event":"message","message":"\"max_players\": \"0\""}
{"timestamp":"2025-03-25 20:26:23.852","level":"info","event":"message","message":"\"serve\": \"false\""}
{"timestamp":"2025-03-25 20:26:23.852","level":"info","event":"message","message":"\"http_root\": \"www\""}
{"timestamp":"2025-03-25 20:26:23.852","level":"info","event":"message","message":"\"homepage\": \"player.html\""}
{"timestamp":"2025-03-25 20:26:23.852","level":"info","event":"message","message":"\"https\": \"false\""}
{"timestamp":"2025-03-25 20:26:23.852","level":"info","event":"message","message":"\"https_port\": \"443\""}
{"timestamp":"2025-03-25 20:26:23.853","level":"info","event":"message","message":"\"ssl_key_path\": \"certificates/client-key.pem\""}
{"timestamp":"2025-03-25 20:26:23.853","level":"info","event":"message","message":"\"ssl_cert_path\": \"certificates/client-cert.pem\""}
{"timestamp":"2025-03-25 20:26:23.853","level":"info","event":"message","message":"\"https_redirect\": \"true\""}
{"timestamp":"2025-03-25 20:26:23.853","level":"info","event":"message","message":"\"rest_api\": \"false\""}
{"timestamp":"2025-03-25 20:26:23.853","level":"info","event":"message","message":"\"peer_options\": \"\""}
{"timestamp":"2025-03-25 20:26:23.853","level":"info","event":"message","message":"\"log_config\": \"true\""}
{"timestamp":"2025-03-25 20:26:23.854","level":"info","event":"message","message":"\"stdin\": \"false\""}
{"timestamp":"2025-03-25 20:26:23.854","level":"info","event":"message","message":"\"save\": \"false\""}
{"timestamp":"2025-03-25 20:26:23.854","level":"info","event":"message","message":"\"console_messages\": \"verbose\""}
{"timestamp":"2025-03-25 20:26:23.856","level":"info","event":"message","message":"Listening for streamer connections on port 8888"}
{"timestamp":"2025-03-25 20:26:23.857","level":"info","event":"message","message":"Listening for player connections on port 1025"}
{"timestamp":"2025-03-25 20:26:23.857","level":"info","event":"message","message":"Listening for SFU connections on port 8889"}
{"timestamp":"2025-03-25 20:26:41.249","level":"info","event":"message","message":"@epicgames-ps/wilbur v2.1.3 starting..."}
{"timestamp":"2025-03-25 20:26:41.250","level":"info","event":"message","message":"Config:"}
{"timestamp":"2025-03-25 20:26:41.250","level":"info","event":"message","message":"\"log_folder\": \"logs\""}
{"timestamp":"2025-03-25 20:26:41.251","level":"info","event":"message","message":"\"log_level_console\": \"info\""}
{"timestamp":"2025-03-25 20:26:41.251","level":"info","event":"message","message":"\"log_level_file\": \"info\""}
{"timestamp":"2025-03-25 20:26:41.251","level":"info","event":"message","message":"\"streamer_port\": \"8888\""}
{"timestamp":"2025-03-25 20:26:41.251","level":"info","event":"message","message":"\"player_port\": \"1025\""}
{"timestamp":"2025-03-25 20:26:41.252","level":"info","event":"message","message":"\"sfu_port\": \"8889\""}
{"timestamp":"2025-03-25 20:26:41.252","level":"info","event":"message","message":"\"max_players\": \"0\""}
{"timestamp":"2025-03-25 20:26:41.252","level":"info","event":"message","message":"\"serve\": \"false\""}
{"timestamp":"2025-03-25 20:26:41.253","level":"info","event":"message","message":"\"http_root\": \"www\""}
{"timestamp":"2025-03-25 20:26:41.253","level":"info","event":"message","message":"\"homepage\": \"player.html\""}
{"timestamp":"2025-03-25 20:26:41.253","level":"info","event":"message","message":"\"https\": \"false\""}
{"timestamp":"2025-03-25 20:26:41.253","level":"info","event":"message","message":"\"https_port\": \"443\""}
{"timestamp":"2025-03-25 20:26:41.254","level":"info","event":"message","message":"\"ssl_key_path\": \"certificates/client-key.pem\""}
{"timestamp":"2025-03-25 20:26:41.254","level":"info","event":"message","message":"\"ssl_cert_path\": \"certificates/client-cert.pem\""}
{"timestamp":"2025-03-25 20:26:41.254","level":"info","event":"message","message":"\"https_redirect\": \"true\""}
{"timestamp":"2025-03-25 20:26:41.254","level":"info","event":"message","message":"\"rest_api\": \"false\""}
{"timestamp":"2025-03-25 20:26:41.254","level":"info","event":"message","message":"\"peer_options\": \"\""}
{"timestamp":"2025-03-25 20:26:41.255","level":"info","event":"message","message":"\"log_config\": \"true\""}
{"timestamp":"2025-03-25 20:26:41.255","level":"info","event":"message","message":"\"stdin\": \"false\""}
{"timestamp":"2025-03-25 20:26:41.255","level":"info","event":"message","message":"\"save\": \"false\""}
{"timestamp":"2025-03-25 20:26:41.256","level":"info","event":"message","message":"\"console_messages\": \"verbose\""}
{"timestamp":"2025-03-25 20:26:41.260","level":"info","event":"message","message":"Listening for streamer connections on port 8888"}
{"timestamp":"2025-03-25 20:26:41.261","level":"info","event":"message","message":"Listening for SFU connections on port 8889"}
{"timestamp":"2025-03-25 20:26:41.262","level":"info","event":"message","message":"Http server listening on port 1025"}
{"timestamp":"2025-03-25 20:27:07.236","level":"info","event":"message","message":"@epicgames-ps/wilbur v2.1.3 starting..."}
{"timestamp":"2025-03-25 20:27:07.237","level":"info","event":"message","message":"Config:"}
{"timestamp":"2025-03-25 20:27:07.238","level":"info","event":"message","message":"\"log_folder\": \"logs\""}
{"timestamp":"2025-03-25 20:27:07.238","level":"info","event":"message","message":"\"log_level_console\": \"info\""}
{"timestamp":"2025-03-25 20:27:07.238","level":"info","event":"message","message":"\"log_level_file\": \"info\""}
{"timestamp":"2025-03-25 20:27:07.238","level":"info","event":"message","message":"\"streamer_port\": \"8888\""}
{"timestamp":"2025-03-25 20:27:07.239","level":"info","event":"message","message":"\"player_port\": \"1025\""}
{"timestamp":"2025-03-25 20:27:07.239","level":"info","event":"message","message":"\"sfu_port\": \"8889\""}
{"timestamp":"2025-03-25 20:27:07.239","level":"info","event":"message","message":"\"max_players\": \"0\""}
{"timestamp":"2025-03-25 20:27:07.240","level":"info","event":"message","message":"\"serve\": \"false\""}
{"timestamp":"2025-03-25 20:27:07.240","level":"info","event":"message","message":"\"http_root\": \"www\""}
{"timestamp":"2025-03-25 20:27:07.240","level":"info","event":"message","message":"\"homepage\": \"player.html\""}
{"timestamp":"2025-03-25 20:27:07.240","level":"info","event":"message","message":"\"https\": \"false\""}
{"timestamp":"2025-03-25 20:27:07.240","level":"info","event":"message","message":"\"https_port\": \"443\""}
{"timestamp":"2025-03-25 20:27:07.241","level":"info","event":"message","message":"\"ssl_key_path\": \"certificates/client-key.pem\""}
{"timestamp":"2025-03-25 20:27:07.241","level":"info","event":"message","message":"\"ssl_cert_path\": \"certificates/client-cert.pem\""}
{"timestamp":"2025-03-25 20:27:07.241","level":"info","event":"message","message":"\"https_redirect\": \"true\""}
{"timestamp":"2025-03-25 20:27:07.241","level":"info","event":"message","message":"\"rest_api\": \"false\""}
{"timestamp":"2025-03-25 20:27:07.242","level":"info","event":"message","message":"\"peer_options\": \"\""}
{"timestamp":"2025-03-25 20:27:07.242","level":"info","event":"message","message":"\"log_config\": \"true\""}
{"timestamp":"2025-03-25 20:27:07.242","level":"info","event":"message","message":"\"stdin\": \"false\""}
{"timestamp":"2025-03-25 20:27:07.242","level":"info","event":"message","message":"\"save\": \"false\""}
{"timestamp":"2025-03-25 20:27:07.242","level":"info","event":"message","message":"\"console_messages\": \"verbose\""}
{"timestamp":"2025-03-25 20:27:07.247","level":"info","event":"message","message":"Listening for streamer connections on port 8888"}
{"timestamp":"2025-03-25 20:27:07.247","level":"info","event":"message","message":"Listening for SFU connections on port 8889"}
{"timestamp":"2025-03-25 20:27:07.248","level":"info","event":"message","message":"Http server listening on port 1025"}
{"timestamp":"2025-03-25 20:27:45.939","level":"info","event":"message","message":"@epicgames-ps/wilbur v2.1.3 starting..."}
{"timestamp":"2025-03-25 20:27:45.940","level":"info","event":"message","message":"Config:"}
{"timestamp":"2025-03-25 20:27:45.940","level":"info","event":"message","message":"\"log_folder\": \"logs\""}
{"timestamp":"2025-03-25 20:27:45.940","level":"info","event":"message","message":"\"log_level_console\": \"info\""}
{"timestamp":"2025-03-25 20:27:45.941","level":"info","event":"message","message":"\"log_level_file\": \"info\""}
{"timestamp":"2025-03-25 20:27:45.941","level":"info","event":"message","message":"\"streamer_port\": \"8888\""}
{"timestamp":"2025-03-25 20:27:45.941","level":"info","event":"message","message":"\"player_port\": \"1025\""}
{"timestamp":"2025-03-25 20:27:45.942","level":"info","event":"message","message":"\"sfu_port\": \"8889\""}
{"timestamp":"2025-03-25 20:27:45.942","level":"info","event":"message","message":"\"max_players\": \"0\""}
{"timestamp":"2025-03-25 20:27:45.942","level":"info","event":"message","message":"\"serve\": \"false\""}
{"timestamp":"2025-03-25 20:27:45.943","level":"info","event":"message","message":"\"http_root\": \"www\""}
{"timestamp":"2025-03-25 20:27:45.943","level":"info","event":"message","message":"\"homepage\": \"player.html\""}
{"timestamp":"2025-03-25 20:27:45.943","level":"info","event":"message","message":"\"https\": \"false\""}
{"timestamp":"2025-03-25 20:27:45.944","level":"info","event":"message","message":"\"https_port\": \"443\""}
{"timestamp":"2025-03-25 20:27:45.944","level":"info","event":"message","message":"\"ssl_key_path\": \"certificates/client-key.pem\""}
{"timestamp":"2025-03-25 20:27:45.944","level":"info","event":"message","message":"\"ssl_cert_path\": \"certificates/client-cert.pem\""}
{"timestamp":"2025-03-25 20:27:45.944","level":"info","event":"message","message":"\"https_redirect\": \"true\""}
{"timestamp":"2025-03-25 20:27:45.944","level":"info","event":"message","message":"\"rest_api\": \"false\""}
{"timestamp":"2025-03-25 20:27:45.945","level":"info","event":"message","message":"\"peer_options\": \"\""}
{"timestamp":"2025-03-25 20:27:45.945","level":"info","event":"message","message":"\"log_config\": \"true\""}
{"timestamp":"2025-03-25 20:27:45.946","level":"info","event":"message","message":"\"stdin\": \"false\""}
{"timestamp":"2025-03-25 20:27:45.946","level":"info","event":"message","message":"\"save\": \"false\""}
{"timestamp":"2025-03-25 20:27:45.947","level":"info","event":"message","message":"\"console_messages\": \"verbose\""}
{"timestamp":"2025-03-25 20:27:45.951","level":"info","event":"message","message":"Listening for streamer connections on port 8888"}
{"timestamp":"2025-03-25 20:27:45.952","level":"info","event":"message","message":"Listening for SFU connections on port 8889"}
{"timestamp":"2025-03-25 20:27:45.953","level":"info","event":"message","message":"Http server listening on port 1025"}
{"timestamp":"2025-03-25 20:28:41.017","level":"info","event":"message","message":"@epicgames-ps/wilbur v2.1.3 starting..."}
{"timestamp":"2025-03-25 20:28:41.018","level":"info","event":"message","message":"Config:"}
{"timestamp":"2025-03-25 20:28:41.018","level":"info","event":"message","message":"\"log_folder\": \"logs\""}
{"timestamp":"2025-03-25 20:28:41.019","level":"info","event":"message","message":"\"log_level_console\": \"info\""}
{"timestamp":"2025-03-25 20:28:41.019","level":"info","event":"message","message":"\"log_level_file\": \"info\""}
{"timestamp":"2025-03-25 20:28:41.019","level":"info","event":"message","message":"\"streamer_port\": \"8888\""}
{"timestamp":"2025-03-25 20:28:41.020","level":"info","event":"message","message":"\"player_port\": \"1025\""}
{"timestamp":"2025-03-25 20:28:41.020","level":"info","event":"message","message":"\"sfu_port\": \"8889\""}
{"timestamp":"2025-03-25 20:28:41.020","level":"info","event":"message","message":"\"max_players\": \"0\""}
{"timestamp":"2025-03-25 20:28:41.021","level":"info","event":"message","message":"\"serve\": \"false\""}
{"timestamp":"2025-03-25 20:28:41.021","level":"info","event":"message","message":"\"http_root\": \"www\""}
{"timestamp":"2025-03-25 20:28:41.021","level":"info","event":"message","message":"\"homepage\": \"player.html\""}
{"timestamp":"2025-03-25 20:28:41.021","level":"info","event":"message","message":"\"https\": \"false\""}
{"timestamp":"2025-03-25 20:28:41.022","level":"info","event":"message","message":"\"https_port\": \"443\""}
{"timestamp":"2025-03-25 20:28:41.022","level":"info","event":"message","message":"\"ssl_key_path\": \"certificates/client-key.pem\""}
{"timestamp":"2025-03-25 20:28:41.022","level":"info","event":"message","message":"\"ssl_cert_path\": \"certificates/client-cert.pem\""}
{"timestamp":"2025-03-25 20:28:41.022","level":"info","event":"message","message":"\"https_redirect\": \"true\""}
{"timestamp":"2025-03-25 20:28:41.022","level":"info","event":"message","message":"\"rest_api\": \"false\""}
{"timestamp":"2025-03-25 20:28:41.023","level":"info","event":"message","message":"\"peer_options\": \"\""}
{"timestamp":"2025-03-25 20:28:41.023","level":"info","event":"message","message":"\"log_config\": \"true\""}
{"timestamp":"2025-03-25 20:28:41.023","level":"info","event":"message","message":"\"stdin\": \"false\""}
{"timestamp":"2025-03-25 20:28:41.023","level":"info","event":"message","message":"\"save\": \"false\""}
{"timestamp":"2025-03-25 20:28:41.023","level":"info","event":"message","message":"\"console_messages\": \"verbose\""}
{"timestamp":"2025-03-25 20:28:41.029","level":"info","event":"message","message":"Listening for streamer connections on port 8888"}
{"timestamp":"2025-03-25 20:28:41.029","level":"info","event":"message","message":"Listening for SFU connections on port 8889"}
{"timestamp":"2025-03-25 20:28:41.031","level":"info","event":"message","message":"Http server listening on port 1025"}
{"timestamp":"2025-03-25 20:28:56.711","level":"info","event":"message","message":"@epicgames-ps/wilbur v2.1.3 starting..."}
{"timestamp":"2025-03-25 20:28:56.712","level":"info","event":"message","message":"Config:"}
{"timestamp":"2025-03-25 20:28:56.712","level":"info","event":"message","message":"\"log_folder\": \"logs\""}
{"timestamp":"2025-03-25 20:28:56.713","level":"info","event":"message","message":"\"log_level_console\": \"info\""}
{"timestamp":"2025-03-25 20:28:56.713","level":"info","event":"message","message":"\"log_level_file\": \"info\""}
{"timestamp":"2025-03-25 20:28:56.713","level":"info","event":"message","message":"\"streamer_port\": \"8888\""}
{"timestamp":"2025-03-25 20:28:56.713","level":"info","event":"message","message":"\"player_port\": \"1025\""}
{"timestamp":"2025-03-25 20:28:56.714","level":"info","event":"message","message":"\"sfu_port\": \"8889\""}
{"timestamp":"2025-03-25 20:28:56.714","level":"info","event":"message","message":"\"max_players\": \"0\""}
{"timestamp":"2025-03-25 20:28:56.714","level":"info","event":"message","message":"\"serve\": \"false\""}
{"timestamp":"2025-03-25 20:28:56.715","level":"info","event":"message","message":"\"http_root\": \"www\""}
{"timestamp":"2025-03-25 20:28:56.715","level":"info","event":"message","message":"\"homepage\": \"player.html\""}
{"timestamp":"2025-03-25 20:28:56.715","level":"info","event":"message","message":"\"https\": \"false\""}
{"timestamp":"2025-03-25 20:28:56.716","level":"info","event":"message","message":"\"https_port\": \"443\""}
{"timestamp":"2025-03-25 20:28:56.716","level":"info","event":"message","message":"\"ssl_key_path\": \"certificates/client-key.pem\""}
{"timestamp":"2025-03-25 20:28:56.716","level":"info","event":"message","message":"\"ssl_cert_path\": \"certificates/client-cert.pem\""}
{"timestamp":"2025-03-25 20:28:56.717","level":"info","event":"message","message":"\"https_redirect\": \"true\""}
{"timestamp":"2025-03-25 20:28:56.717","level":"info","event":"message","message":"\"rest_api\": \"false\""}
{"timestamp":"2025-03-25 20:28:56.717","level":"info","event":"message","message":"\"peer_options\": \"\""}
{"timestamp":"2025-03-25 20:28:56.718","level":"info","event":"message","message":"\"log_config\": \"true\""}
{"timestamp":"2025-03-25 20:28:56.718","level":"info","event":"message","message":"\"stdin\": \"false\""}
{"timestamp":"2025-03-25 20:28:56.718","level":"info","event":"message","message":"\"save\": \"false\""}
{"timestamp":"2025-03-25 20:28:56.719","level":"info","event":"message","message":"\"console_messages\": \"verbose\""}
{"timestamp":"2025-03-25 20:28:56.723","level":"info","event":"message","message":"Listening for streamer connections on port 8888"}
{"timestamp":"2025-03-25 20:28:56.724","level":"info","event":"message","message":"Listening for player connections on port 1025"}
{"timestamp":"2025-03-25 20:28:56.725","level":"info","event":"message","message":"Listening for SFU connections on port 8889"}
{"timestamp":"2025-03-25 20:29:15.557","level":"info","event":"message","message":"@epicgames-ps/wilbur v2.1.3 starting..."}
{"timestamp":"2025-03-25 20:29:15.557","level":"info","event":"message","message":"Config:"}
{"timestamp":"2025-03-25 20:29:15.557","level":"info","event":"message","message":"\"log_folder\": \"logs\""}
{"timestamp":"2025-03-25 20:29:15.558","level":"info","event":"message","message":"\"log_level_console\": \"info\""}
{"timestamp":"2025-03-25 20:29:15.558","level":"info","event":"message","message":"\"log_level_file\": \"info\""}
{"timestamp":"2025-03-25 20:29:15.558","level":"info","event":"message","message":"\"streamer_port\": \"8888\""}
{"timestamp":"2025-03-25 20:29:15.559","level":"info","event":"message","message":"\"player_port\": \"1025\""}
{"timestamp":"2025-03-25 20:29:15.559","level":"info","event":"message","message":"\"sfu_port\": \"8889\""}
{"timestamp":"2025-03-25 20:29:15.559","level":"info","event":"message","message":"\"max_players\": \"0\""}
{"timestamp":"2025-03-25 20:29:15.560","level":"info","event":"message","message":"\"serve\": \"true\""}
{"timestamp":"2025-03-25 20:29:15.561","level":"info","event":"message","message":"\"http_root\": \"www\""}
{"timestamp":"2025-03-25 20:29:15.561","level":"info","event":"message","message":"\"homepage\": \"player.html\""}
{"timestamp":"2025-03-25 20:29:15.562","level":"info","event":"message","message":"\"https\": \"false\""}
{"timestamp":"2025-03-25 20:29:15.562","level":"info","event":"message","message":"\"https_port\": \"443\""}
{"timestamp":"2025-03-25 20:29:15.563","level":"info","event":"message","message":"\"ssl_key_path\": \"certificates/client-key.pem\""}
{"timestamp":"2025-03-25 20:29:15.563","level":"info","event":"message","message":"\"ssl_cert_path\": \"certificates/client-cert.pem\""}
{"timestamp":"2025-03-25 20:29:15.563","level":"info","event":"message","message":"\"https_redirect\": \"true\""}
{"timestamp":"2025-03-25 20:29:15.563","level":"info","event":"message","message":"\"rest_api\": \"false\""}
{"timestamp":"2025-03-25 20:29:15.564","level":"info","event":"message","message":"\"peer_options\": \"\""}
{"timestamp":"2025-03-25 20:29:15.564","level":"info","event":"message","message":"\"log_config\": \"true\""}
{"timestamp":"2025-03-25 20:29:15.564","level":"info","event":"message","message":"\"stdin\": \"false\""}
{"timestamp":"2025-03-25 20:29:15.564","level":"info","event":"message","message":"\"save\": \"false\""}
{"timestamp":"2025-03-25 20:29:15.564","level":"info","event":"message","message":"\"console_messages\": \"verbose\""}
{"timestamp":"2025-03-25 20:29:15.569","level":"info","event":"message","message":"Listening for streamer connections on port 8888"}
{"timestamp":"2025-03-25 20:29:15.570","level":"info","event":"message","message":"Listening for SFU connections on port 8889"}
{"timestamp":"2025-03-25 20:29:15.571","level":"info","event":"message","message":"Http server listening on port 1025"}
{"timestamp":"2025-03-25 20:29:29.361","level":"info","event":"message","message":"New streamer connection: ::ffff:127.0.0.1"}
{"timestamp":"2025-03-25 20:29:29.363","level":"info","event":"proto_message","direction":"outgoing","sender":"UnknownStreamer","protoMessage":{"type":"identify"}}
{"timestamp":"2025-03-25 20:29:29.365","level":"info","event":"proto_message","direction":"outgoing","sender":"UnknownStreamer","protoMessage":{"type":"config","peerConnectionOptions":{},"protocolVersion":"1.3.0"}}
{"timestamp":"2025-03-25 20:29:29.903","level":"info","event":"proto_message","direction":"incoming","receiver":"UnknownStreamer","protoMessage":{"id":"DefaultStreamer","protocolVersion":"1.1.0","type":"endpointId"}}
{"timestamp":"2025-03-25 20:29:29.904","level":"info","event":"proto_message","direction":"outgoing","sender":"DefaultStreamer","protoMessage":{"type":"endpointIdConfirm","committedId":"DefaultStreamer"}}
{"timestamp":"2025-03-25 20:29:29.935","level":"info","event":"proto_message","direction":"incoming","receiver":"DefaultStreamer","protoMessage":{"type":"ping","time":1742905769}}
{"timestamp":"2025-03-25 20:29:29.936","level":"info","event":"proto_message","direction":"outgoing","sender":"DefaultStreamer","protoMessage":{"type":"pong","time":1742905769}}
{"timestamp":"2025-03-25 20:29:33.849","level":"info","event":"message","message":"New player connection: ::ffff:127.0.0.1 (/)"}
{"timestamp":"2025-03-25 20:29:33.850","level":"info","event":"message","message":"Registered new player: Player0"}
{"timestamp":"2025-03-25 20:29:33.851","level":"info","event":"proto_message","direction":"outgoing","sender":"Player0","protoMessage":{"type":"config","peerConnectionOptions":{},"protocolVersion":"1.3.0"}}
{"timestamp":"2025-03-25 20:29:33.852","level":"info","event":"proto_message","direction":"incoming","receiver":"Player0","protoMessage":{"type":"listStreamers"}}
{"timestamp":"2025-03-25 20:29:33.852","level":"info","event":"proto_message","direction":"outgoing","sender":"Player0","protoMessage":{"type":"streamerList","ids":["DefaultStreamer"]}}
{"timestamp":"2025-03-25 20:29:33.855","level":"info","event":"proto_message","direction":"incoming","receiver":"Player0","protoMessage":{"type":"subscribe","streamerId":"DefaultStreamer"}}
{"timestamp":"2025-03-25 20:29:33.856","level":"info","event":"proto_message","direction":"forward","receiver":"Player0","target":"DefaultStreamer","protoMessage":{"type":"playerConnected","dataChannel":true,"sfu":false,"playerId":"Player0"}}
{"timestamp":"2025-03-25 20:29:33.939","level":"info","event":"proto_message","direction":"forward","receiver":"DefaultStreamer","target":"Player0","protoMessage":{"multiplex":true,"sdp":"v=0\r\no=- 2382115314412012049 2 IN IP4 127.0.0.1\r\ns=-\r\nt=0 0\r\na=group:BUNDLE 0 1 2\r\na=extmap-allow-mixed\r\na=msid-semantic: WMS pixelstreaming_audio_stream_id pixelstreaming_video_stream_id\r\nm=video 9 UDP/TLS/RTP/SAVPF 127 97 98 99 100 101 102\r\nc=IN IP4 0.0.0.0\r\na=rtcp:9 IN IP4 0.0.0.0\r\na=ice-ufrag:Qpr3\r\na=ice-pwd:AKR6S1ljzA8VcxQgzVz/jahl\r\na=ice-options:trickle\r\na=fingerprint:sha-256 62:80:F2:D1:32:B4:4C:FB:84:69:9D:44:08:69:A4:03:DF:53:DF:1C:9C:61:06:8A:CB:86:99:14:AE:64:93:DD\r\na=setup:actpass\r\na=mid:0\r\na=extmap:1 urn:ietf:params:rtp-hdrext:toffset\r\na=extmap:2 http://www.webrtc.org/experiments/rtp-hdrext/abs-send-time\r\na=extmap:3 urn:3gpp:video-orientation\r\na=extmap:4 http://www.ietf.org/id/draft-holmer-rmcat-transport-wide-cc-extensions-01\r\na=extmap:5 http://www.webrtc.org/experiments/rtp-hdrext/playout-delay\r\na=extmap:6 http://www.webrtc.org/experiments/rtp-hdrext/video-content-type\r\na=extmap:7 http://www.webrtc.org/experiments/rtp-hdrext/video-timing\r\na=extmap:8 http://www.webrtc.org/experiments/rtp-hdrext/color-space\r\na=extmap:9 urn:ietf:params:rtp-hdrext:sdes:mid\r\na=extmap:10 urn:ietf:params:rtp-hdrext:sdes:rtp-stream-id\r\na=extmap:11 urn:ietf:params:rtp-hdrext:sdes:repaired-rtp-stream-id\r\na=sendrecv\r\na=msid:pixelstreaming_video_stream_id video\r\na=rtcp-mux\r\na=rtcp-rsize\r\na=rtpmap:127 H264/90000\r\na=rtcp-fb:127 goog-remb\r\na=rtcp-fb:127 transport-cc\r\na=rtcp-fb:127 ccm fir\r\na=rtcp-fb:127 nack\r\na=rtcp-fb:127 nack pli\r\na=fmtp:127 level-asymmetry-allowed=1;packetization-mode=1;profile-level-id=42e01f\r\na=rtpmap:97 rtx/90000\r\na=fmtp:97 apt=127\r\na=rtpmap:98 H264/90000\r\na=rtcp-fb:98 goog-remb\r\na=rtcp-fb:98 transport-cc\r\na=rtcp-fb:98 ccm fir\r\na=rtcp-fb:98 nack\r\na=rtcp-fb:98 nack pli\r\na=fmtp:98 level-asymmetry-allowed=1;packetization-mode=1;profile-level-id=42001f\r\na=rtpmap:99 rtx/90000\r\na=fmtp:99 apt=98\r\na=rtpmap:100 red/90000\r\na=rtpmap:101 rtx/90000\r\na=fmtp:101 apt=100\r\na=rtpmap:102 ulpfec/90000\r\na=ssrc-group:FID 77337038 196054113\r\na=ssrc:77337038 cname:VXjjSxIo5ntRF8p6\r\na=ssrc:77337038 msid:pixelstreaming_video_stream_id video\r\na=ssrc:196054113 cname:VXjjSxIo5ntRF8p6\r\na=ssrc:196054113 msid:pixelstreaming_video_stream_id video\r\nm=audio 9 UDP/TLS/RTP/SAVPF 96 110\r\nc=IN IP4 0.0.0.0\r\na=rtcp:9 IN IP4 0.0.0.0\r\na=ice-ufrag:Qpr3\r\na=ice-pwd:AKR6S1ljzA8VcxQgzVz/jahl\r\na=ice-options:trickle\r\na=fingerprint:sha-256 62:80:F2:D1:32:B4:4C:FB:84:69:9D:44:08:69:A4:03:DF:53:DF:1C:9C:61:06:8A:CB:86:99:14:AE:64:93:DD\r\na=setup:actpass\r\na=mid:1\r\na=extmap:14 urn:ietf:params:rtp-hdrext:ssrc-audio-level\r\na=extmap:2 http://www.webrtc.org/experiments/rtp-hdrext/abs-send-time\r\na=extmap:4 http://www.ietf.org/id/draft-holmer-rmcat-transport-wide-cc-extensions-01\r\na=extmap:9 urn:ietf:params:rtp-hdrext:sdes:mid\r\na=sendrecv\r\na=msid:pixelstreaming_audio_stream_id audio\r\na=rtcp-mux\r\na=rtpmap:96 OPUS/48000/2\r\na=rtcp-fb:96 transport-cc\r\na=rtpmap:110 telephone-event/48000\r\na=ssrc:4184872899 cname:VXjjSxIo5ntRF8p6\r\na=ssrc:4184872899 msid:pixelstreaming_audio_stream_id audio\r\nm=application 9 UDP/DTLS/SCTP webrtc-datachannel\r\nc=IN IP4 0.0.0.0\r\na=ice-ufrag:Qpr3\r\na=ice-pwd:AKR6S1ljzA8VcxQgzVz/jahl\r\na=ice-options:trickle\r\na=fingerprint:sha-256 62:80:F2:D1:32:B4:4C:FB:84:69:9D:44:08:69:A4:03:DF:53:DF:1C:9C:61:06:8A:CB:86:99:14:AE:64:93:DD\r\na=setup:actpass\r\na=mid:2\r\na=sctp-port:5000\r\na=max-message-size:262144\r\n","type":"offer","scalabilityMode":"L1T1"}}
{"timestamp":"2025-03-25 20:29:33.940","level":"info","event":"proto_message","direction":"forward","receiver":"Player0","target":"DefaultStreamer","protoMessage":{"type":"layerPreference","spatialLayer":0,"temporalLayer":0,"playerId":"Player0"}}
{"timestamp":"2025-03-25 20:29:33.958","level":"info","event":"proto_message","direction":"forward","receiver":"Player0","target":"DefaultStreamer","protoMessage":{"type":"answer","sdp":"v=0\r\no=- 3268682809098754846 2 IN IP4 127.0.0.1\r\ns=-\r\nt=0 0\r\na=group:BUNDLE 0 1 2\r\na=extmap-allow-mixed\r\na=msid-semantic: WMS\r\nm=video 9 UDP/TLS/RTP/SAVPF 98 99 127 97 100 101 102\r\nc=IN IP4 0.0.0.0\r\na=rtcp:9 IN IP4 0.0.0.0\r\na=ice-ufrag:14IA\r\na=ice-pwd:t+d/PP4LOKRVQ7SYISBZuTOb\r\na=ice-options:trickle\r\na=fingerprint:sha-256 E3:9E:45:8C:7B:5F:7D:AF:17:EC:10:6A:07:99:D3:48:3F:C8:72:45:07:24:5F:46:3B:9D:C2:E3:83:D0:34:92\r\na=setup:active\r\na=mid:0\r\na=extmap:1 urn:ietf:params:rtp-hdrext:toffset\r\na=extmap:2 http://www.webrtc.org/experiments/rtp-hdrext/abs-send-time\r\na=extmap:3 urn:3gpp:video-orientation\r\na=extmap:4 http://www.ietf.org/id/draft-holmer-rmcat-transport-wide-cc-extensions-01\r\na=extmap:5 http://www.webrtc.org/experiments/rtp-hdrext/playout-delay\r\na=extmap:6 http://www.webrtc.org/experiments/rtp-hdrext/video-content-type\r\na=extmap:7 http://www.webrtc.org/experiments/rtp-hdrext/video-timing\r\na=extmap:8 http://www.webrtc.org/experiments/rtp-hdrext/color-space\r\na=extmap:9 urn:ietf:params:rtp-hdrext:sdes:mid\r\na=extmap:10 urn:ietf:params:rtp-hdrext:sdes:rtp-stream-id\r\na=extmap:11 urn:ietf:params:rtp-hdrext:sdes:repaired-rtp-stream-id\r\na=recvonly\r\na=rtcp-mux\r\na=rtcp-rsize\r\na=rtpmap:98 H264/90000\r\na=rtcp-fb:98 goog-remb\r\na=rtcp-fb:98 transport-cc\r\na=rtcp-fb:98 ccm fir\r\na=rtcp-fb:98 nack\r\na=rtcp-fb:98 nack pli\r\na=fmtp:98 level-asymmetry-allowed=1;packetization-mode=1;profile-level-id=42001f;x-google-max-bitrate=100000;x-google-start-bitrate=10000\r\na=rtpmap:99 rtx/90000\r\na=fmtp:99 apt=98\r\na=rtpmap:127 H264/90000\r\na=rtcp-fb:127 goog-remb\r\na=rtcp-fb:127 transport-cc\r\na=rtcp-fb:127 ccm fir\r\na=rtcp-fb:127 nack\r\na=rtcp-fb:127 nack pli\r\na=fmtp:127 level-asymmetry-allowed=1;packetization-mode=1;profile-level-id=42e01f;x-google-max-bitrate=100000;x-google-start-bitrate=10000\r\na=rtpmap:97 rtx/90000\r\na=fmtp:97 apt=127\r\na=rtpmap:100 red/90000\r\na=rtpmap:101 rtx/90000\r\na=fmtp:101 apt=100\r\na=rtpmap:102 ulpfec/90000\r\nm=audio 9 UDP/TLS/RTP/SAVPF 96 110\r\nc=IN IP4 0.0.0.0\r\na=rtcp:9 IN IP4 0.0.0.0\r\na=ice-ufrag:14IA\r\na=ice-pwd:t+d/PP4LOKRVQ7SYISBZuTOb\r\na=ice-options:trickle\r\na=fingerprint:sha-256 E3:9E:45:8C:7B:5F:7D:AF:17:EC:10:6A:07:99:D3:48:3F:C8:72:45:07:24:5F:46:3B:9D:C2:E3:83:D0:34:92\r\na=setup:active\r\na=mid:1\r\na=extmap:14 urn:ietf:params:rtp-hdrext:ssrc-audio-level\r\na=extmap:2 http://www.webrtc.org/experiments/rtp-hdrext/abs-send-time\r\na=extmap:4 http://www.ietf.org/id/draft-holmer-rmcat-transport-wide-cc-extensions-01\r\na=extmap:9 urn:ietf:params:rtp-hdrext:sdes:mid\r\na=recvonly\r\na=rtcp-mux\r\na=rtpmap:96 OPUS/48000/2\r\na=rtcp-fb:96 transport-cc\r\na=fmtp:96 maxaveragebitrate=510000;minptime=10;stereo=1;useinbandfec=1\r\na=rtpmap:110 telephone-event/48000\r\nm=application 9 UDP/DTLS/SCTP webrtc-datachannel\r\nc=IN IP4 0.0.0.0\r\na=ice-ufrag:14IA\r\na=ice-pwd:t+d/PP4LOKRVQ7SYISBZuTOb\r\na=ice-options:trickle\r\na=fingerprint:sha-256 E3:9E:45:8C:7B:5F:7D:AF:17:EC:10:6A:07:99:D3:48:3F:C8:72:45:07:24:5F:46:3B:9D:C2:E3:83:D0:34:92\r\na=setup:active\r\na=mid:2\r\na=sctp-port:5000\r\na=max-message-size:262144\r\n","minBitrateBps":0,"maxBitrateBps":0,"playerId":"Player0"}}
{"timestamp":"2025-03-25 20:29:33.959","level":"info","event":"proto_message","direction":"forward","receiver":"Player0","target":"DefaultStreamer","protoMessage":{"type":"iceCandidate","candidate":{"candidate":"candidate:3134796256 1 udp 2113937151 78207ebe-06f3-4ac2-a514-b2a25bce750e.local 50850 typ host generation 0 ufrag 14IA network-cost 999","sdpMid":"0","sdpMLineIndex":0,"usernameFragment":"14IA"},"playerId":"Player0"}}
{"timestamp":"2025-03-25 20:29:33.960","level":"info","event":"proto_message","direction":"forward","receiver":"Player0","target":"DefaultStreamer","protoMessage":{"type":"iceCandidate","candidate":{"candidate":"candidate:2679013477 1 udp 2113939711 43a18172-291f-4479-97e9-825a2553f7b4.local 50851 typ host generation 0 ufrag 14IA network-cost 999","sdpMid":"0","sdpMLineIndex":0,"usernameFragment":"14IA"},"playerId":"Player0"}}
{"timestamp":"2025-03-25 20:29:33.971","level":"info","event":"proto_message","direction":"forward","receiver":"DefaultStreamer","target":"Player0","protoMessage":{"candidate":{"candidate":"candidate:2854681064 1 udp 2122260223 172.21.144.1 49152 typ host generation 0 ufrag Qpr3 network-id 6","sdpMLineIndex":0,"sdpMid":"0"},"type":"iceCandidate"}}
{"timestamp":"2025-03-25 20:29:34.004","level":"info","event":"proto_message","direction":"forward","receiver":"DefaultStreamer","target":"Player0","protoMessage":{"candidate":{"candidate":"candidate:1043943044 1 udp 2122197247 2408:8207:4843:2560:1589:6625:55bc:c8cb 49152 typ host generation 0 ufrag Qpr3 network-id 2 network-cost 10","sdpMLineIndex":0,"sdpMid":"0"},"type":"iceCandidate"}}
{"timestamp":"2025-03-25 20:29:34.037","level":"info","event":"proto_message","direction":"forward","receiver":"DefaultStreamer","target":"Player0","protoMessage":{"candidate":{"candidate":"candidate:3412300260 1 udp 2122131711 2408:8207:4843:2560:c969:9611:272f:ac6b 49152 typ host generation 0 ufrag Qpr3 network-id 3 network-cost 10","sdpMLineIndex":0,"sdpMid":"0"},"type":"iceCandidate"}}
{"timestamp":"2025-03-25 20:29:34.070","level":"info","event":"proto_message","direction":"forward","receiver":"DefaultStreamer","target":"Player0","protoMessage":{"candidate":{"candidate":"candidate:2156900638 1 udp 2122063615 192.168.1.3 49152 typ host generation 0 ufrag Qpr3 network-id 1 network-cost 10","sdpMLineIndex":0,"sdpMid":"0"},"type":"iceCandidate"}}
{"timestamp":"2025-03-25 20:29:34.104","level":"info","event":"proto_message","direction":"forward","receiver":"DefaultStreamer","target":"Player0","protoMessage":{"candidate":{"candidate":"candidate:2854681064 1 udp 2122260223 172.21.144.1 49153 typ host generation 0 ufrag Qpr3 network-id 6","sdpMLineIndex":1,"sdpMid":"1"},"type":"iceCandidate"}}
{"timestamp":"2025-03-25 20:29:34.138","level":"info","event":"proto_message","direction":"forward","receiver":"DefaultStreamer","target":"Player0","protoMessage":{"candidate":{"candidate":"candidate:1043943044 1 udp 2122197247 2408:8207:4843:2560:1589:6625:55bc:c8cb 49153 typ host generation 0 ufrag Qpr3 network-id 2 network-cost 10","sdpMLineIndex":1,"sdpMid":"1"},"type":"iceCandidate"}}
{"timestamp":"2025-03-25 20:29:34.171","level":"info","event":"proto_message","direction":"forward","receiver":"DefaultStreamer","target":"Player0","protoMessage":{"candidate":{"candidate":"candidate:3412300260 1 udp 2122131711 2408:8207:4843:2560:c969:9611:272f:ac6b 49153 typ host generation 0 ufrag Qpr3 network-id 3 network-cost 10","sdpMLineIndex":1,"sdpMid":"1"},"type":"iceCandidate"}}
{"timestamp":"2025-03-25 20:29:34.205","level":"info","event":"proto_message","direction":"forward","receiver":"DefaultStreamer","target":"Player0","protoMessage":{"candidate":{"candidate":"candidate:2156900638 1 udp 2122063615 192.168.1.3 49153 typ host generation 0 ufrag Qpr3 network-id 1 network-cost 10","sdpMLineIndex":1,"sdpMid":"1"},"type":"iceCandidate"}}
{"timestamp":"2025-03-25 20:29:34.238","level":"info","event":"proto_message","direction":"forward","receiver":"DefaultStreamer","target":"Player0","protoMessage":{"candidate":{"candidate":"candidate:2854681064 1 udp 2122260223 172.21.144.1 49154 typ host generation 0 ufrag Qpr3 network-id 6","sdpMLineIndex":2,"sdpMid":"2"},"type":"iceCandidate"}}
{"timestamp":"2025-03-25 20:29:34.272","level":"info","event":"proto_message","direction":"forward","receiver":"DefaultStreamer","target":"Player0","protoMessage":{"candidate":{"candidate":"candidate:1043943044 1 udp 2122197247 2408:8207:4843:2560:1589:6625:55bc:c8cb 49154 typ host generation 0 ufrag Qpr3 network-id 2 network-cost 10","sdpMLineIndex":2,"sdpMid":"2"},"type":"iceCandidate"}}
{"timestamp":"2025-03-25 20:29:34.305","level":"info","event":"proto_message","direction":"forward","receiver":"DefaultStreamer","target":"Player0","protoMessage":{"candidate":{"candidate":"candidate:3412300260 1 udp 2122131711 2408:8207:4843:2560:c969:9611:272f:ac6b 49154 typ host generation 0 ufrag Qpr3 network-id 3 network-cost 10","sdpMLineIndex":2,"sdpMid":"2"},"type":"iceCandidate"}}
{"timestamp":"2025-03-25 20:29:34.339","level":"info","event":"proto_message","direction":"forward","receiver":"DefaultStreamer","target":"Player0","protoMessage":{"candidate":{"candidate":"candidate:2156900638 1 udp 2122063615 192.168.1.3 49154 typ host generation 0 ufrag Qpr3 network-id 1 network-cost 10","sdpMLineIndex":2,"sdpMid":"2"},"type":"iceCandidate"}}
{"timestamp":"2025-03-25 20:29:47.927","level":"info","event":"message","message":"Streamer 'DefaultStreamer' - websocket disconnected."}
{"timestamp":"2025-03-25 20:29:47.927","level":"info","event":"proto_message","direction":"forward","receiver":"Player0","target":"DefaultStreamer","protoMessage":{"type":"playerDisconnected","playerId":"Player0"}}
{"timestamp":"2025-03-25 20:29:47.928","level":"info","event":"message","message":"Streamer DefaultStreamer (::ffff:127.0.0.1) disconnected."}
{"timestamp":"2025-03-25 20:29:47.929","level":"info","event":"message","message":"Unregistered player: Player0"}
{"timestamp":"2025-03-25 20:29:47.929","level":"info","event":"message","message":"Player Player0 (::ffff:127.0.0.1) disconnected."}
{"timestamp":"2025-03-25 20:29:49.931","level":"info","event":"message","message":"New player connection: ::ffff:127.0.0.1 (/)"}
{"timestamp":"2025-03-25 20:29:49.932","level":"info","event":"message","message":"Registered new player: Player1"}
{"timestamp":"2025-03-25 20:29:49.932","level":"info","event":"proto_message","direction":"outgoing","sender":"Player1","protoMessage":{"type":"config","peerConnectionOptions":{},"protocolVersion":"1.3.0"}}
{"timestamp":"2025-03-25 20:29:49.933","level":"info","event":"proto_message","direction":"incoming","receiver":"Player1","protoMessage":{"type":"listStreamers"}}
{"timestamp":"2025-03-25 20:29:49.933","level":"info","event":"proto_message","direction":"outgoing","sender":"Player1","protoMessage":{"type":"streamerList","ids":[]}}
{"timestamp":"2025-03-25 20:29:52.936","level":"info","event":"proto_message","direction":"incoming","receiver":"Player1","protoMessage":{"type":"listStreamers"}}
{"timestamp":"2025-03-25 20:29:52.936","level":"info","event":"proto_message","direction":"outgoing","sender":"Player1","protoMessage":{"type":"streamerList","ids":[]}}
{"timestamp":"2025-03-25 20:29:55.939","level":"info","event":"proto_message","direction":"incoming","receiver":"Player1","protoMessage":{"type":"listStreamers"}}
{"timestamp":"2025-03-25 20:29:55.939","level":"info","event":"proto_message","direction":"outgoing","sender":"Player1","protoMessage":{"type":"streamerList","ids":[]}}
{"timestamp":"2025-03-25 20:29:58.944","level":"info","event":"proto_message","direction":"incoming","receiver":"Player1","protoMessage":{"type":"listStreamers"}}
{"timestamp":"2025-03-25 20:29:58.945","level":"info","event":"proto_message","direction":"outgoing","sender":"Player1","protoMessage":{"type":"streamerList","ids":[]}}
{"timestamp":"2025-03-25 20:30:20.842","level":"info","event":"proto_message","direction":"incoming","receiver":"Player1","protoMessage":{"type":"ping","time":1742905820842}}
{"timestamp":"2025-03-25 20:30:20.843","level":"info","event":"proto_message","direction":"outgoing","sender":"Player1","protoMessage":{"type":"pong","time":1742905820842}}
{"timestamp":"2025-03-25 20:30:28.624","level":"info","event":"message","message":"Unregistered player: Player1"}
{"timestamp":"2025-03-25 20:30:28.624","level":"info","event":"message","message":"Player Player1 (::ffff:127.0.0.1) disconnected."}
{"timestamp":"2025-03-25 20:30:30.839","level":"info","event":"message","message":"New player connection: ::ffff:127.0.0.1 (/)"}
{"timestamp":"2025-03-25 20:30:30.840","level":"info","event":"message","message":"Registered new player: Player2"}
{"timestamp":"2025-03-25 20:30:30.840","level":"info","event":"proto_message","direction":"outgoing","sender":"Player2","protoMessage":{"type":"config","peerConnectionOptions":{},"protocolVersion":"1.3.0"}}
{"timestamp":"2025-03-25 20:30:30.840","level":"info","event":"proto_message","direction":"incoming","receiver":"Player2","protoMessage":{"type":"listStreamers"}}
{"timestamp":"2025-03-25 20:30:30.841","level":"info","event":"proto_message","direction":"outgoing","sender":"Player2","protoMessage":{"type":"streamerList","ids":[]}}
{"timestamp":"2025-03-25 20:30:34.837","level":"info","event":"proto_message","direction":"incoming","receiver":"Player2","protoMessage":{"type":"listStreamers"}}
{"timestamp":"2025-03-25 20:30:34.838","level":"info","event":"proto_message","direction":"outgoing","sender":"Player2","protoMessage":{"type":"streamerList","ids":[]}}
{"timestamp":"2025-03-25 20:30:38.837","level":"info","event":"proto_message","direction":"incoming","receiver":"Player2","protoMessage":{"type":"listStreamers"}}
{"timestamp":"2025-03-25 20:30:38.838","level":"info","event":"proto_message","direction":"outgoing","sender":"Player2","protoMessage":{"type":"streamerList","ids":[]}}
{"timestamp":"2025-03-25 20:30:42.837","level":"info","event":"proto_message","direction":"incoming","receiver":"Player2","protoMessage":{"type":"listStreamers"}}
{"timestamp":"2025-03-25 20:30:42.838","level":"info","event":"proto_message","direction":"outgoing","sender":"Player2","protoMessage":{"type":"streamerList","ids":[]}}
{"timestamp":"2025-03-25 20:31:01.846","level":"info","event":"proto_message","direction":"incoming","receiver":"Player2","protoMessage":{"type":"ping","time":1742905861846}}
{"timestamp":"2025-03-25 20:31:01.847","level":"info","event":"proto_message","direction":"outgoing","sender":"Player2","protoMessage":{"type":"pong","time":1742905861846}}
{"timestamp":"2025-03-25 20:31:31.838","level":"info","event":"proto_message","direction":"incoming","receiver":"Player2","protoMessage":{"type":"ping","time":1742905891838}}
{"timestamp":"2025-03-25 20:31:31.839","level":"info","event":"proto_message","direction":"outgoing","sender":"Player2","protoMessage":{"type":"pong","time":1742905891838}}
{"timestamp":"2025-03-25 20:32:01.848","level":"info","event":"proto_message","direction":"incoming","receiver":"Player2","protoMessage":{"type":"ping","time":1742905921847}}
{"timestamp":"2025-03-25 20:32:01.849","level":"info","event":"proto_message","direction":"outgoing","sender":"Player2","protoMessage":{"type":"pong","time":1742905921847}}
{"timestamp":"2025-03-25 20:32:30.841","level":"info","event":"proto_message","direction":"incoming","receiver":"Player2","protoMessage":{"type":"ping","time":1742905950841}}
{"timestamp":"2025-03-25 20:32:30.841","level":"info","event":"proto_message","direction":"outgoing","sender":"Player2","protoMessage":{"type":"pong","time":1742905950841}}
{"timestamp":"2025-03-25 20:33:00.842","level":"info","event":"proto_message","direction":"incoming","receiver":"Player2","protoMessage":{"type":"ping","time":1742905980843}}
{"timestamp":"2025-03-25 20:33:00.843","level":"info","event":"proto_message","direction":"outgoing","sender":"Player2","protoMessage":{"type":"pong","time":1742905980843}}
{"timestamp":"2025-03-25 20:33:30.851","level":"info","event":"proto_message","direction":"incoming","receiver":"Player2","protoMessage":{"type":"ping","time":1742906010851}}
{"timestamp":"2025-03-25 20:33:30.852","level":"info","event":"proto_message","direction":"outgoing","sender":"Player2","protoMessage":{"type":"pong","time":1742906010851}}
{"timestamp":"2025-03-25 20:33:39.836","level":"info","event":"message","message":"New streamer connection: ::ffff:127.0.0.1"}
{"timestamp":"2025-03-25 20:33:39.836","level":"info","event":"proto_message","direction":"outgoing","sender":"UnknownStreamer","protoMessage":{"type":"identify"}}
{"timestamp":"2025-03-25 20:33:39.836","level":"info","event":"proto_message","direction":"outgoing","sender":"UnknownStreamer","protoMessage":{"type":"config","peerConnectionOptions":{},"protocolVersion":"1.3.0"}}
{"timestamp":"2025-03-25 20:33:40.400","level":"info","event":"proto_message","direction":"incoming","receiver":"UnknownStreamer","protoMessage":{"id":"DefaultStreamer","protocolVersion":"1.1.0","type":"endpointId"}}
{"timestamp":"2025-03-25 20:33:40.401","level":"info","event":"proto_message","direction":"outgoing","sender":"DefaultStreamer","protoMessage":{"type":"endpointIdConfirm","committedId":"DefaultStreamer"}}
{"timestamp":"2025-03-25 20:33:40.434","level":"info","event":"proto_message","direction":"incoming","receiver":"DefaultStreamer","protoMessage":{"type":"ping","time":1742906020}}
{"timestamp":"2025-03-25 20:33:40.434","level":"info","event":"proto_message","direction":"outgoing","sender":"DefaultStreamer","protoMessage":{"type":"pong","time":1742906020}}
{"timestamp":"2025-03-25 20:33:58.444","level":"info","event":"message","message":"Unregistered player: Player2"}
{"timestamp":"2025-03-25 20:33:58.444","level":"info","event":"message","message":"Player Player2 (::ffff:127.0.0.1) disconnected."}
{"timestamp":"2025-03-25 20:34:01.164","level":"info","event":"message","message":"New player connection: ::ffff:127.0.0.1 (/)"}
{"timestamp":"2025-03-25 20:34:01.165","level":"info","event":"message","message":"Registered new player: Player3"}
{"timestamp":"2025-03-25 20:34:01.165","level":"info","event":"proto_message","direction":"outgoing","sender":"Player3","protoMessage":{"type":"config","peerConnectionOptions":{},"protocolVersion":"1.3.0"}}
{"timestamp":"2025-03-25 20:34:01.165","level":"info","event":"proto_message","direction":"incoming","receiver":"Player3","protoMessage":{"type":"listStreamers"}}
{"timestamp":"2025-03-25 20:34:01.166","level":"info","event":"proto_message","direction":"outgoing","sender":"Player3","protoMessage":{"type":"streamerList","ids":["DefaultStreamer"]}}
{"timestamp":"2025-03-25 20:34:01.169","level":"info","event":"proto_message","direction":"incoming","receiver":"Player3","protoMessage":{"type":"subscribe","streamerId":"DefaultStreamer"}}
{"timestamp":"2025-03-25 20:34:01.169","level":"info","event":"proto_message","direction":"forward","receiver":"Player3","target":"DefaultStreamer","protoMessage":{"type":"playerConnected","dataChannel":true,"sfu":false,"playerId":"Player3"}}
{"timestamp":"2025-03-25 20:34:01.261","level":"info","event":"proto_message","direction":"forward","receiver":"DefaultStreamer","target":"Player3","protoMessage":{"multiplex":true,"sdp":"v=0\r\no=- 5090066256814836409 2 IN IP4 127.0.0.1\r\ns=-\r\nt=0 0\r\na=group:BUNDLE 0 1 2\r\na=extmap-allow-mixed\r\na=msid-semantic: WMS pixelstreaming_audio_stream_id pixelstreaming_video_stream_id\r\nm=video 9 UDP/TLS/RTP/SAVPF 127 97 98 99 100 101 102\r\nc=IN IP4 0.0.0.0\r\na=rtcp:9 IN IP4 0.0.0.0\r\na=ice-ufrag:gkwd\r\na=ice-pwd:2QNcUaGzLMAkiIITuqilL/j+\r\na=ice-options:trickle\r\na=fingerprint:sha-256 FE:BF:C5:39:92:42:7C:D8:82:94:10:C6:8F:7A:C9:6B:AE:08:E8:89:FD:DF:E4:99:97:2A:93:B1:12:C7:1E:5D\r\na=setup:actpass\r\na=mid:0\r\na=extmap:1 urn:ietf:params:rtp-hdrext:toffset\r\na=extmap:2 http://www.webrtc.org/experiments/rtp-hdrext/abs-send-time\r\na=extmap:3 urn:3gpp:video-orientation\r\na=extmap:4 http://www.ietf.org/id/draft-holmer-rmcat-transport-wide-cc-extensions-01\r\na=extmap:5 http://www.webrtc.org/experiments/rtp-hdrext/playout-delay\r\na=extmap:6 http://www.webrtc.org/experiments/rtp-hdrext/video-content-type\r\na=extmap:7 http://www.webrtc.org/experiments/rtp-hdrext/video-timing\r\na=extmap:8 http://www.webrtc.org/experiments/rtp-hdrext/color-space\r\na=extmap:9 urn:ietf:params:rtp-hdrext:sdes:mid\r\na=extmap:10 urn:ietf:params:rtp-hdrext:sdes:rtp-stream-id\r\na=extmap:11 urn:ietf:params:rtp-hdrext:sdes:repaired-rtp-stream-id\r\na=sendrecv\r\na=msid:pixelstreaming_video_stream_id video\r\na=rtcp-mux\r\na=rtcp-rsize\r\na=rtpmap:127 H264/90000\r\na=rtcp-fb:127 goog-remb\r\na=rtcp-fb:127 transport-cc\r\na=rtcp-fb:127 ccm fir\r\na=rtcp-fb:127 nack\r\na=rtcp-fb:127 nack pli\r\na=fmtp:127 level-asymmetry-allowed=1;packetization-mode=1;profile-level-id=42e01f\r\na=rtpmap:97 rtx/90000\r\na=fmtp:97 apt=127\r\na=rtpmap:98 H264/90000\r\na=rtcp-fb:98 goog-remb\r\na=rtcp-fb:98 transport-cc\r\na=rtcp-fb:98 ccm fir\r\na=rtcp-fb:98 nack\r\na=rtcp-fb:98 nack pli\r\na=fmtp:98 level-asymmetry-allowed=1;packetization-mode=1;profile-level-id=42001f\r\na=rtpmap:99 rtx/90000\r\na=fmtp:99 apt=98\r\na=rtpmap:100 red/90000\r\na=rtpmap:101 rtx/90000\r\na=fmtp:101 apt=100\r\na=rtpmap:102 ulpfec/90000\r\na=ssrc-group:FID 1093833003 3156388850\r\na=ssrc:1093833003 cname:ofIyu+H9fsQsuuP0\r\na=ssrc:1093833003 msid:pixelstreaming_video_stream_id video\r\na=ssrc:3156388850 cname:ofIyu+H9fsQsuuP0\r\na=ssrc:3156388850 msid:pixelstreaming_video_stream_id video\r\nm=audio 9 UDP/TLS/RTP/SAVPF 96 110\r\nc=IN IP4 0.0.0.0\r\na=rtcp:9 IN IP4 0.0.0.0\r\na=ice-ufrag:gkwd\r\na=ice-pwd:2QNcUaGzLMAkiIITuqilL/j+\r\na=ice-options:trickle\r\na=fingerprint:sha-256 FE:BF:C5:39:92:42:7C:D8:82:94:10:C6:8F:7A:C9:6B:AE:08:E8:89:FD:DF:E4:99:97:2A:93:B1:12:C7:1E:5D\r\na=setup:actpass\r\na=mid:1\r\na=extmap:14 urn:ietf:params:rtp-hdrext:ssrc-audio-level\r\na=extmap:2 http://www.webrtc.org/experiments/rtp-hdrext/abs-send-time\r\na=extmap:4 http://www.ietf.org/id/draft-holmer-rmcat-transport-wide-cc-extensions-01\r\na=extmap:9 urn:ietf:params:rtp-hdrext:sdes:mid\r\na=sendrecv\r\na=msid:pixelstreaming_audio_stream_id audio\r\na=rtcp-mux\r\na=rtpmap:96 OPUS/48000/2\r\na=rtcp-fb:96 transport-cc\r\na=rtpmap:110 telephone-event/48000\r\na=ssrc:1611708672 cname:ofIyu+H9fsQsuuP0\r\na=ssrc:1611708672 msid:pixelstreaming_audio_stream_id audio\r\nm=application 9 UDP/DTLS/SCTP webrtc-datachannel\r\nc=IN IP4 0.0.0.0\r\na=ice-ufrag:gkwd\r\na=ice-pwd:2QNcUaGzLMAkiIITuqilL/j+\r\na=ice-options:trickle\r\na=fingerprint:sha-256 FE:BF:C5:39:92:42:7C:D8:82:94:10:C6:8F:7A:C9:6B:AE:08:E8:89:FD:DF:E4:99:97:2A:93:B1:12:C7:1E:5D\r\na=setup:actpass\r\na=mid:2\r\na=sctp-port:5000\r\na=max-message-size:262144\r\n","type":"offer","scalabilityMode":"L1T1"}}
{"timestamp":"2025-03-25 20:34:01.262","level":"info","event":"proto_message","direction":"forward","receiver":"Player3","target":"DefaultStreamer","protoMessage":{"type":"layerPreference","spatialLayer":0,"temporalLayer":0,"playerId":"Player3"}}
{"timestamp":"2025-03-25 20:34:01.280","level":"info","event":"proto_message","direction":"forward","receiver":"Player3","target":"DefaultStreamer","protoMessage":{"type":"answer","sdp":"v=0\r\no=- 2067530374343767911 2 IN IP4 127.0.0.1\r\ns=-\r\nt=0 0\r\na=group:BUNDLE 0 1 2\r\na=extmap-allow-mixed\r\na=msid-semantic: WMS\r\nm=video 9 UDP/TLS/RTP/SAVPF 98 99 127 97 100 101 102\r\nc=IN IP4 0.0.0.0\r\na=rtcp:9 IN IP4 0.0.0.0\r\na=ice-ufrag:Hz78\r\na=ice-pwd:9mlCNda0QMI3iKJku7mhdmAN\r\na=ice-options:trickle\r\na=fingerprint:sha-256 9D:17:1E:4A:1C:FF:AD:D5:FF:64:E7:67:7B:46:EC:D8:60:F9:65:5D:87:3A:A8:7B:DC:EB:5F:C6:A9:CC:D8:AD\r\na=setup:active\r\na=mid:0\r\na=extmap:1 urn:ietf:params:rtp-hdrext:toffset\r\na=extmap:2 http://www.webrtc.org/experiments/rtp-hdrext/abs-send-time\r\na=extmap:3 urn:3gpp:video-orientation\r\na=extmap:4 http://www.ietf.org/id/draft-holmer-rmcat-transport-wide-cc-extensions-01\r\na=extmap:5 http://www.webrtc.org/experiments/rtp-hdrext/playout-delay\r\na=extmap:6 http://www.webrtc.org/experiments/rtp-hdrext/video-content-type\r\na=extmap:7 http://www.webrtc.org/experiments/rtp-hdrext/video-timing\r\na=extmap:8 http://www.webrtc.org/experiments/rtp-hdrext/color-space\r\na=extmap:9 urn:ietf:params:rtp-hdrext:sdes:mid\r\na=extmap:10 urn:ietf:params:rtp-hdrext:sdes:rtp-stream-id\r\na=extmap:11 urn:ietf:params:rtp-hdrext:sdes:repaired-rtp-stream-id\r\na=recvonly\r\na=rtcp-mux\r\na=rtcp-rsize\r\na=rtpmap:98 H264/90000\r\na=rtcp-fb:98 goog-remb\r\na=rtcp-fb:98 transport-cc\r\na=rtcp-fb:98 ccm fir\r\na=rtcp-fb:98 nack\r\na=rtcp-fb:98 nack pli\r\na=fmtp:98 level-asymmetry-allowed=1;packetization-mode=1;profile-level-id=42001f;x-google-max-bitrate=100000;x-google-start-bitrate=10000\r\na=rtpmap:99 rtx/90000\r\na=fmtp:99 apt=98\r\na=rtpmap:127 H264/90000\r\na=rtcp-fb:127 goog-remb\r\na=rtcp-fb:127 transport-cc\r\na=rtcp-fb:127 ccm fir\r\na=rtcp-fb:127 nack\r\na=rtcp-fb:127 nack pli\r\na=fmtp:127 level-asymmetry-allowed=1;packetization-mode=1;profile-level-id=42e01f;x-google-max-bitrate=100000;x-google-start-bitrate=10000\r\na=rtpmap:97 rtx/90000\r\na=fmtp:97 apt=127\r\na=rtpmap:100 red/90000\r\na=rtpmap:101 rtx/90000\r\na=fmtp:101 apt=100\r\na=rtpmap:102 ulpfec/90000\r\nm=audio 9 UDP/TLS/RTP/SAVPF 96 110\r\nc=IN IP4 0.0.0.0\r\na=rtcp:9 IN IP4 0.0.0.0\r\na=ice-ufrag:Hz78\r\na=ice-pwd:9mlCNda0QMI3iKJku7mhdmAN\r\na=ice-options:trickle\r\na=fingerprint:sha-256 9D:17:1E:4A:1C:FF:AD:D5:FF:64:E7:67:7B:46:EC:D8:60:F9:65:5D:87:3A:A8:7B:DC:EB:5F:C6:A9:CC:D8:AD\r\na=setup:active\r\na=mid:1\r\na=extmap:14 urn:ietf:params:rtp-hdrext:ssrc-audio-level\r\na=extmap:2 http://www.webrtc.org/experiments/rtp-hdrext/abs-send-time\r\na=extmap:4 http://www.ietf.org/id/draft-holmer-rmcat-transport-wide-cc-extensions-01\r\na=extmap:9 urn:ietf:params:rtp-hdrext:sdes:mid\r\na=recvonly\r\na=rtcp-mux\r\na=rtpmap:96 OPUS/48000/2\r\na=rtcp-fb:96 transport-cc\r\na=fmtp:96 maxaveragebitrate=510000;minptime=10;stereo=1;useinbandfec=1\r\na=rtpmap:110 telephone-event/48000\r\nm=application 9 UDP/DTLS/SCTP webrtc-datachannel\r\nc=IN IP4 0.0.0.0\r\na=ice-ufrag:Hz78\r\na=ice-pwd:9mlCNda0QMI3iKJku7mhdmAN\r\na=ice-options:trickle\r\na=fingerprint:sha-256 9D:17:1E:4A:1C:FF:AD:D5:FF:64:E7:67:7B:46:EC:D8:60:F9:65:5D:87:3A:A8:7B:DC:EB:5F:C6:A9:CC:D8:AD\r\na=setup:active\r\na=mid:2\r\na=sctp-port:5000\r\na=max-message-size:262144\r\n","minBitrateBps":0,"maxBitrateBps":0,"playerId":"Player3"}}
{"timestamp":"2025-03-25 20:34:01.281","level":"info","event":"proto_message","direction":"forward","receiver":"Player3","target":"DefaultStreamer","protoMessage":{"type":"iceCandidate","candidate":{"candidate":"candidate:2268595974 1 udp 2113937151 2e8693f0-1b04-4491-9d63-08c11c4982fe.local 53688 typ host generation 0 ufrag Hz78 network-cost 999","sdpMid":"0","sdpMLineIndex":0,"usernameFragment":"Hz78"},"playerId":"Player3"}}
{"timestamp":"2025-03-25 20:34:01.282","level":"info","event":"proto_message","direction":"forward","receiver":"Player3","target":"DefaultStreamer","protoMessage":{"type":"iceCandidate","candidate":{"candidate":"candidate:2723133059 1 udp 2113939711 eb5a72a4-7fc7-4ff6-ad1c-a81d82f109b1.local 53689 typ host generation 0 ufrag Hz78 network-cost 999","sdpMid":"0","sdpMLineIndex":0,"usernameFragment":"Hz78"},"playerId":"Player3"}}
{"timestamp":"2025-03-25 20:34:01.294","level":"info","event":"proto_message","direction":"forward","receiver":"DefaultStreamer","target":"Player3","protoMessage":{"candidate":{"candidate":"candidate:3647715240 1 udp 2122260223 172.21.144.1 49152 typ host generation 0 ufrag gkwd network-id 6","sdpMLineIndex":0,"sdpMid":"0"},"type":"iceCandidate"}}
{"timestamp":"2025-03-25 20:34:01.327","level":"info","event":"proto_message","direction":"forward","receiver":"DefaultStreamer","target":"Player3","protoMessage":{"candidate":{"candidate":"candidate:2650506604 1 udp 2122197247 2408:8207:4843:2560:1589:6625:55bc:c8cb 49152 typ host generation 0 ufrag gkwd network-id 2 network-cost 10","sdpMLineIndex":0,"sdpMid":"0"},"type":"iceCandidate"}}
{"timestamp":"2025-03-25 20:34:01.361","level":"info","event":"proto_message","direction":"forward","receiver":"DefaultStreamer","target":"Player3","protoMessage":{"candidate":{"candidate":"candidate:3502030571 1 udp 2122131711 2408:8207:4843:2560:c969:9611:272f:ac6b 49152 typ host generation 0 ufrag gkwd network-id 3 network-cost 10","sdpMLineIndex":0,"sdpMid":"0"},"type":"iceCandidate"}}
{"timestamp":"2025-03-25 20:34:01.394","level":"info","event":"proto_message","direction":"forward","receiver":"DefaultStreamer","target":"Player3","protoMessage":{"candidate":{"candidate":"candidate:2376026569 1 udp 2122063615 192.168.1.3 49152 typ host generation 0 ufrag gkwd network-id 1 network-cost 10","sdpMLineIndex":0,"sdpMid":"0"},"type":"iceCandidate"}}
{"timestamp":"2025-03-25 20:34:01.428","level":"info","event":"proto_message","direction":"forward","receiver":"DefaultStreamer","target":"Player3","protoMessage":{"candidate":{"candidate":"candidate:3647715240 1 udp 2122260223 172.21.144.1 49153 typ host generation 0 ufrag gkwd network-id 6","sdpMLineIndex":1,"sdpMid":"1"},"type":"iceCandidate"}}
{"timestamp":"2025-03-25 20:34:01.461","level":"info","event":"proto_message","direction":"forward","receiver":"DefaultStreamer","target":"Player3","protoMessage":{"candidate":{"candidate":"candidate:2650506604 1 udp 2122197247 2408:8207:4843:2560:1589:6625:55bc:c8cb 49153 typ host generation 0 ufrag gkwd network-id 2 network-cost 10","sdpMLineIndex":1,"sdpMid":"1"},"type":"iceCandidate"}}
{"timestamp":"2025-03-25 20:34:01.494","level":"info","event":"proto_message","direction":"forward","receiver":"DefaultStreamer","target":"Player3","protoMessage":{"candidate":{"candidate":"candidate:3502030571 1 udp 2122131711 2408:8207:4843:2560:c969:9611:272f:ac6b 49153 typ host generation 0 ufrag gkwd network-id 3 network-cost 10","sdpMLineIndex":1,"sdpMid":"1"},"type":"iceCandidate"}}
{"timestamp":"2025-03-25 20:34:01.527","level":"info","event":"proto_message","direction":"forward","receiver":"DefaultStreamer","target":"Player3","protoMessage":{"candidate":{"candidate":"candidate:2376026569 1 udp 2122063615 192.168.1.3 49153 typ host generation 0 ufrag gkwd network-id 1 network-cost 10","sdpMLineIndex":1,"sdpMid":"1"},"type":"iceCandidate"}}
{"timestamp":"2025-03-25 20:34:01.560","level":"info","event":"proto_message","direction":"forward","receiver":"DefaultStreamer","target":"Player3","protoMessage":{"candidate":{"candidate":"candidate:3647715240 1 udp 2122260223 172.21.144.1 49154 typ host generation 0 ufrag gkwd network-id 6","sdpMLineIndex":2,"sdpMid":"2"},"type":"iceCandidate"}}
{"timestamp":"2025-03-25 20:34:01.594","level":"info","event":"proto_message","direction":"forward","receiver":"DefaultStreamer","target":"Player3","protoMessage":{"candidate":{"candidate":"candidate:2650506604 1 udp 2122197247 2408:8207:4843:2560:1589:6625:55bc:c8cb 49154 typ host generation 0 ufrag gkwd network-id 2 network-cost 10","sdpMLineIndex":2,"sdpMid":"2"},"type":"iceCandidate"}}
{"timestamp":"2025-03-25 20:34:01.628","level":"info","event":"proto_message","direction":"forward","receiver":"DefaultStreamer","target":"Player3","protoMessage":{"candidate":{"candidate":"candidate:3502030571 1 udp 2122131711 2408:8207:4843:2560:c969:9611:272f:ac6b 49154 typ host generation 0 ufrag gkwd network-id 3 network-cost 10","sdpMLineIndex":2,"sdpMid":"2"},"type":"iceCandidate"}}
{"timestamp":"2025-03-25 20:34:01.661","level":"info","event":"proto_message","direction":"forward","receiver":"DefaultStreamer","target":"Player3","protoMessage":{"candidate":{"candidate":"candidate:2376026569 1 udp 2122063615 192.168.1.3 49154 typ host generation 0 ufrag gkwd network-id 1 network-cost 10","sdpMLineIndex":2,"sdpMid":"2"},"type":"iceCandidate"}}
{"timestamp":"2025-03-25 20:34:09.414","level":"info","event":"message","message":"Streamer 'DefaultStreamer' - websocket disconnected."}
{"timestamp":"2025-03-25 20:34:09.415","level":"info","event":"proto_message","direction":"forward","receiver":"Player3","target":"DefaultStreamer","protoMessage":{"type":"playerDisconnected","playerId":"Player3"}}
{"timestamp":"2025-03-25 20:34:09.415","level":"info","event":"message","message":"Streamer DefaultStreamer (::ffff:127.0.0.1) disconnected."}
{"timestamp":"2025-03-25 20:34:09.416","level":"info","event":"message","message":"Unregistered player: Player3"}
{"timestamp":"2025-03-25 20:34:09.416","level":"info","event":"message","message":"Player Player3 (::ffff:127.0.0.1) disconnected."}
{"timestamp":"2025-03-25 20:34:11.420","level":"info","event":"message","message":"New player connection: ::ffff:127.0.0.1 (/)"}
{"timestamp":"2025-03-25 20:34:11.421","level":"info","event":"message","message":"Registered new player: Player4"}
{"timestamp":"2025-03-25 20:34:11.421","level":"info","event":"proto_message","direction":"outgoing","sender":"Player4","protoMessage":{"type":"config","peerConnectionOptions":{},"protocolVersion":"1.3.0"}}
{"timestamp":"2025-03-25 20:34:11.422","level":"info","event":"proto_message","direction":"incoming","receiver":"Player4","protoMessage":{"type":"listStreamers"}}
{"timestamp":"2025-03-25 20:34:11.422","level":"info","event":"proto_message","direction":"outgoing","sender":"Player4","protoMessage":{"type":"streamerList","ids":[]}}
{"timestamp":"2025-03-25 20:34:14.793","level":"info","event":"message","message":"@epicgames-ps/wilbur v2.1.3 starting..."}
{"timestamp":"2025-03-25 20:34:14.794","level":"info","event":"message","message":"Config:"}
{"timestamp":"2025-03-25 20:34:14.794","level":"info","event":"message","message":"\"log_folder\": \"logs\""}
{"timestamp":"2025-03-25 20:34:14.794","level":"info","event":"message","message":"\"log_level_console\": \"info\""}
{"timestamp":"2025-03-25 20:34:14.794","level":"info","event":"message","message":"\"log_level_file\": \"info\""}
{"timestamp":"2025-03-25 20:34:14.795","level":"info","event":"message","message":"\"streamer_port\": \"8888\""}
{"timestamp":"2025-03-25 20:34:14.795","level":"info","event":"message","message":"\"player_port\": \"1025\""}
{"timestamp":"2025-03-25 20:34:14.795","level":"info","event":"message","message":"\"sfu_port\": \"8889\""}
{"timestamp":"2025-03-25 20:34:14.795","level":"info","event":"message","message":"\"max_players\": \"0\""}
{"timestamp":"2025-03-25 20:34:14.796","level":"info","event":"message","message":"\"serve\": \"true\""}
{"timestamp":"2025-03-25 20:34:14.796","level":"info","event":"message","message":"\"http_root\": \"www\""}
{"timestamp":"2025-03-25 20:34:14.796","level":"info","event":"message","message":"\"homepage\": \"player.html\""}
{"timestamp":"2025-03-25 20:34:14.797","level":"info","event":"message","message":"\"https\": \"false\""}
{"timestamp":"2025-03-25 20:34:14.797","level":"info","event":"message","message":"\"https_port\": \"443\""}
{"timestamp":"2025-03-25 20:34:14.797","level":"info","event":"message","message":"\"ssl_key_path\": \"certificates/client-key.pem\""}
{"timestamp":"2025-03-25 20:34:14.797","level":"info","event":"message","message":"\"ssl_cert_path\": \"certificates/client-cert.pem\""}
{"timestamp":"2025-03-25 20:34:14.798","level":"info","event":"message","message":"\"https_redirect\": \"true\""}
{"timestamp":"2025-03-25 20:34:14.798","level":"info","event":"message","message":"\"rest_api\": \"false\""}
{"timestamp":"2025-03-25 20:34:14.798","level":"info","event":"message","message":"\"peer_options\": \"\""}
{"timestamp":"2025-03-25 20:34:14.798","level":"info","event":"message","message":"\"log_config\": \"true\""}
{"timestamp":"2025-03-25 20:34:14.799","level":"info","event":"message","message":"\"stdin\": \"false\""}
{"timestamp":"2025-03-25 20:34:14.799","level":"info","event":"message","message":"\"save\": \"false\""}
{"timestamp":"2025-03-25 20:34:14.799","level":"info","event":"message","message":"\"console_messages\": \"verbose\""}
{"timestamp":"2025-03-25 20:34:14.804","level":"info","event":"message","message":"Listening for streamer connections on port 8888"}
{"timestamp":"2025-03-25 20:34:14.805","level":"info","event":"message","message":"Listening for SFU connections on port 8889"}
{"timestamp":"2025-03-25 20:34:14.806","level":"info","event":"message","message":"Http server listening on port 1025"}
